id,date,price,bedrooms,bathrooms,sqft_living,sqft_lot,floors,waterfront,view,condition,grade
7304301231,20140617T000000,345000.0,3,2.5,1680,2229,2.0,0,0,3,7
2344300170,20140815T000000,1500000.0,5,3.5,4370,12240,2.0,0,0,3,11
9407150130,20141201T000000,240000.0,4,2.5,1980,7264,2.0,0,0,3,7
9346950050,20150429T000000,625000.0,3,2.5,2120,10021,1.0,0,0,4,8
1542800010,20140909T000000,472500.0,3,2.5,1650,3711,2.0,0,0,3,8
8093600065,20141231T000000,205000.0,4,1.0,1030,6621,1.0,0,0,4,6
1430800191,20150213T000000,279000.0,3,1.0,1110,6060,1.0,0,0,3,6
7811210320,20140801T000000,549000.0,,2.5,1710,9720,2.0,0,0,4,8
6117502220,20141117T000000,1575000.0,3,3.0,2610,22672,1.5,1,4,4,8
2310110120,20140808T000000,365000.0,3,2.5,2190,5091,,0,0,3,8
3342700465,20150123T000000,250000.0,3,1.5,2840,10182,1.0,0,0,3,8
2998800110,20150325T000000,1345000.0,4,3.25,3440,4920,2.0,0,4,3,10
1562100030,20140910T000000,515000.0,4,1.75,1730,7980,1.0,0,0,4,8
3356402232,20140924T000000,179900.0,3,1.75,1230,12000,1.0,0,0,3,6
5029450110,20150327T000000,215000.0,3,1.5,1410,8415,1.0,0,0,4,7
2722059185,20140910T000000,445000.0,4,2.5,2360,81892,1.0,0,0,3,8
8081500060,20141001T000000,1928000.0,4,3.25,4280,20296,2.0,0,0,4,11
5104540500,20140624T000000,589950.0,4,2.5,3190,8195,2.0,0,0,3,10
1459920010,20150323T000000,300000.0,3,2.0,1451,7159,1.0,0,0,3,7
3904910320,20150225T000000,484950.0,3,2.25,1670,5004,2.0,0,0,3,8
1821059264,20140626T000000,224000.0,4,1.5,1600,9289,1.0,0,0,4,7
7899800863,20141001T000000,299900.0,3,2.5,1210,2046,2.0,0,0,3,9
3528400180,20141003T000000,350000.0,4,2.75,3390,16153,1.0,0,0,4,7
3980300371,20140926T000000,142000.0,0,0.0,290,20875,1.0,0,0,1,1
726049184,20140721T000000,294000.0,2,1.0,820,6366,1.0,0,0,5,6
6450301310,20141030T000000,225000.0,2,1.0,830,5720,1.0,0,0,4,6
9510900630,20140617T000000,305000.0,3,,2110,7665,1.0,0,0,4,7
3830630140,20140924T000000,275000.0,3,2.5,1730,5799,2.0,0,0,4,7
5095400760,20140623T000000,337000.0,3,1.75,1310,12750,1.0,0,0,3,7
9284800085,20150420T000000,426000.0,3,2.5,2210,5750,2.0,0,0,3,7
3356403820,20141205T000000,115000.0,2,1.0,1000,16524,1.0,0,0,3,5
4239400920,20140922T000000,149000.0,3,1.0,1090,2800,1.0,0,0,3,6
9828701565,20150209T000000,375000.0,3,2.0,2240,5200,1.0,0,0,3,7
9822700285,20140918T000000,657500.0,4,1.5,1910,5000,1.5,0,0,3,7
1257200060,20150327T000000,595000.0,4,1.75,1880,4080,1.0,0,0,3,7
8956200560,20150320T000000,453000.0,4,2.5,2502,8306,2.0,0,0,3,9
7224500090,20150407T000000,414000.0,2,1.0,800,5000,1.0,0,0,3,6
9558010230,20140509T000000,330000.0,4,2.5,1940,3784,2.0,0,0,3,8
1773100430,20150424T000000,313500.0,2,1.5,1270,1282,2.0,0,0,3,8
2770602360,20150421T000000,671000.0,4,2.75,1890,1475,2.0,0,0,3,9
2800031,20150401T000000,235000.0,3,1.0,1430,7599,1.5,0,0,4,6
7167000060,20141124T000000,774950.0,4,2.5,3410,179419,2.0,0,0,3,10
1443500905,20150205T000000,219950.0,3,1.0,1020,4960,1.5,0,0,3,6
7922800190,20150311T000000,620000.0,5,1.75,2000,8713,1.0,0,2,3,7
3298700840,20140821T000000,,2,1.0,750,4515,1.0,0,0,3,6
2141330050,20140520T000000,760000.0,4,1.75,2450,13300,1.0,0,2,4,9
1822069097,20141223T000000,540000.0,6,3.0,2870,206474,2.0,0,0,3,7
7520000520,20140905T000000,232000.0,2,1.0,1240,12092,1.0,0,0,3,6
7560000050,20150423T000000,730000.0,3,3.5,2440,3502,2.0,0,0,3,7
8083350070,20141217T000000,235000.0,2,2.25,1660,2748,2.0,0,0,3,7
3818700185,20140925T000000,400000.0,4,1.5,2150,11026,1.0,0,0,4,7
626710220,20140813T000000,475000.0,3,2.5,2160,35912,2.0,0,0,3,8
7304300420,20140801T000000,464500.0,4,2.5,1750,11381,1.0,0,0,4,7
7695450010,20140522T000000,604700.0,4,2.75,2750,14982,1.0,0,3,3,9
2346800461,20140613T000000,1120000.0,5,1.5,2540,6660,2.0,0,3,4,8
1498303905,20150402T000000,615000.0,4,1.5,1980,3240,1.5,0,0,4,8
8856920110,20150504T000000,360000.0,3,2.5,2150,14092,2.0,0,0,3,8
7853230720,20140910T000000,368000.0,3,2.5,2080,4307,2.0,0,0,3,7
2767603612,20150113T000000,489000.0,2,2.25,1290,1334,3.0,0,0,3,8
1310430130,20141009T000000,459000.0,4,2.75,2790,6600,2.0,0,0,3,9
6181410950,20140922T000000,254950.0,3,2.5,1794,4769,2.0,0,0,3,7
7206900075,20140818T000000,200000.0,5,1.75,1770,15525,1.0,0,0,4,7
1373800295,20141013T000000,1450000.0,3,3.0,4380,6320,2.0,0,3,5,10
4023500118,20140723T000000,411000.0,3,1.75,1490,9844,1.0,0,0,4,7
1219000043,20140509T000000,315000.0,5,1.75,2320,8100,1.0,0,0,4,7
2110900050,20150211T000000,468000.0,4,2.5,2150,8165,1.0,0,0,3,8
3862400050,20140506T000000,465000.0,3,2.25,1970,11088,1.0,0,0,4,8
5710610520,20150226T000000,454900.0,3,1.75,2130,9775,1.0,0,0,4,8
5490700035,20140807T000000,325000.0,4,1.5,1870,7220,2.0,0,0,3,7
2634500005,20140908T000000,237500.0,2,1.0,810,8494,1.0,0,0,3,6
3526039074,20140625T000000,650000.0,4,2.75,1910,16532,1.0,0,0,4,7
6139800640,20150224T000000,490000.0,3,2.5,2080,12032,2.0,0,0,3,8
8024201370,20141208T000000,400000.0,2,1.0,880,5111,1.0,0,0,3,6
5553300375,20140820T000000,2160000.0,3,3.5,3080,6495,2.0,0,3,3,11
7300000550,20150424T000000,305000.0,3,2.5,1714,3240,2.0,0,0,3,8
826069002,20141029T000000,355000.0,2,1.0,1350,368517,1.0,0,0,3,6
3172600031,20150327T000000,325000.0,3,1.5,1590,7936,1.0,0,0,3,7
3336001316,20141106T000000,160000.0,2,1.0,830,4500,1.0,0,0,3,6
4122500100,20150211T000000,1191000.0,5,2.5,2710,14989,1.0,0,0,3,8
6744700423,20140606T000000,432000.0,3,1.75,1470,6250,1.0,0,3,4,7
7889601270,20140821T000000,382000.0,4,3.5,2530,3000,2.0,0,0,3,8
2970800105,20150313T000000,449950.0,4,2.5,2420,5244,2.0,0,0,3,9
4218400175,20150223T000000,1265000.0,3,1.75,2240,5657,1.5,0,2,4,8
293910030,20141008T000000,655000.0,4,2.5,2570,4412,2.0,0,0,3,9
9407100310,20141113T000000,312620.0,3,2.5,1260,11877,1.0,0,0,3,7
3355400242,20141028T000000,274900.0,3,2.0,1936,6612,2.0,0,0,3,7
125059178,20140722T000000,510000.0,6,4.5,3300,7480,2.0,0,0,3,8
5680000545,20141203T000000,330000.0,4,2.0,1750,5202,1.0,0,1,4,6
9558020240,20150320T000000,475000.0,5,2.75,3080,6600,2.0,0,0,3,9
3882300090,20141226T000000,475000.0,3,1.75,1330,14560,1.0,0,0,3,7
8078490330,20140916T000000,319950.0,3,2.5,1980,9907,2.0,0,0,3,8
1865820370,20141113T000000,166600.0,3,1.75,1150,8690,1.0,0,0,4,7
3630020430,20150505T000000,420000.0,3,2.5,1470,1445,2.0,0,0,3,8
1163400020,20150403T000000,251000.0,3,1.5,1590,21600,1.5,0,0,4,7
9151600541,20140508T000000,719000.0,3,2.5,1690,4500,1.5,0,1,4,8
3762900130,20140715T000000,350000.0,2,1.75,1080,7242,2.0,0,0,4,7
4217400540,20140929T000000,815241.0,5,2.25,2060,4800,2.5,0,0,3,8
5742600115,20150407T000000,630000.0,4,2.0,2480,3680,1.5,0,0,4,7
8914200060,20150115T000000,583000.0,4,2.5,3390,10519,2.0,0,2,3,10
6206100130,20140626T000000,772650.0,4,2.5,2660,10800,1.0,0,0,3,7
1336800010,20140613T000000,1335000.0,5,2.25,4200,5800,2.5,0,0,4,9
8731982840,20140826T000000,,4,2.5,3490,9030,1.5,0,0,4,8
2926049504,20150402T000000,500000.0,3,2.25,1700,9008,1.0,0,0,3,8
1402000070,20140520T000000,390000.0,4,2.25,1770,33132,1.0,0,0,4,8
8155760040,20141218T000000,213400.0,4,2.5,1680,6655,2.0,0,0,3,7
7805460310,20141113T000000,703770.0,4,2.25,2550,12918,2.0,0,0,3,9
9274204100,20140910T000000,462500.0,4,1.0,1540,4500,1.5,0,0,2,7
1829300130,20140717T000000,795000.0,4,2.5,3160,16564,2.0,0,0,3,10
8669180390,20140604T000000,285000.0,3,,2437,5136,2.0,0,0,3,7
1139000400,20140826T000000,430000.0,3,1.5,1550,5034,2.0,0,0,4,7
3905100210,20140723T000000,449950.0,3,2.5,1530,3840,2.0,0,0,3,8
3320000810,20150224T000000,380000.0,5,2.0,1680,3240,1.0,0,0,3,5
4003000053,20140813T000000,765000.0,3,2.75,2250,9600,2.5,0,0,4,9
6072760360,20150321T000000,665000.0,4,2.25,2650,8149,1.0,0,0,4,8
6056111370,20141124T000000,340000.0,2,1.75,1270,1916,2.0,0,0,3,8
2026049155,20150320T000000,372500.0,3,1.75,1680,8648,1.0,0,0,4,7
1922059046,20141029T000000,308000.0,3,1.0,1980,39150,1.5,0,0,3,6
2387600010,20150303T000000,1350000.0,4,3.5,4680,12495,2.0,0,0,3,10
3432500765,20140612T000000,320000.0,2,1.0,1100,8281,1.0,0,0,4,7
420000085,20140827T000000,238000.0,3,1.0,1240,5700,1.5,0,0,5,6
5113400113,20140619T000000,756000.0,4,2.25,2160,5600,1.0,0,0,5,7
2225069036,20140815T000000,925000.0,4,3.25,3640,60086,2.0,0,0,3,10
2222900082,20140513T000000,449500.0,3,2.0,1770,6610,1.0,0,0,4,7
5561400260,20140721T000000,668000.0,5,3.5,3990,42436,2.0,0,0,3,9
1250200552,20150312T000000,399950.0,3,2.5,1610,1320,2.0,0,0,3,7
3296000110,20140602T000000,645000.0,4,2.5,2430,14400,1.0,0,0,5,8
3819800280,20140819T000000,400000.0,2,1.0,1180,10800,1.0,0,0,3,7
2558640340,20140527T000000,375000.0,3,1.75,1440,8775,1.0,0,0,3,7
7116500125,20140528T000000,189000.0,2,2.0,1700,3171,1.0,0,0,5,5
1697000370,20150325T000000,234000.0,3,1.0,1040,8122,1.0,0,0,5,7
7312900060,20140603T000000,235000.0,2,1.0,720,4840,1.0,0,0,4,6
4204400175,20150217T000000,439000.0,5,3.5,2880,10000,2.0,0,3,3,8
2783100230,20150512T000000,530000.0,4,2.25,1940,8270,2.0,0,0,5,7
6306400140,20140612T000000,1095000.0,0,0.0,3064,4764,3.5,0,2,3,7
6816300060,20150413T000000,426000.0,2,2.5,1550,2657,2.0,0,0,4,8
7437100340,20141222T000000,360000.0,4,2.5,1900,5889,2.0,0,0,3,7
7851200040,20141216T000000,265000.0,3,1.0,960,9748,1.0,0,0,3,5
3336000626,20150416T000000,498000.0,3,1.5,1720,6570,1.5,0,0,4,8
2050100450,20141105T000000,865000.0,3,2.5,3050,12558,2.0,0,0,3,10
3298701066,20150506T000000,240000.0,3,1.0,1230,2353,1.5,0,0,4,6
3975400260,20140902T000000,749500.0,4,2.75,2490,3840,1.5,0,0,4,7
2887700140,20140707T000000,588000.0,3,2.0,1860,4777,2.0,0,0,5,7
3361401977,20140826T000000,250000.0,3,2.25,1560,15340,2.0,0,0,3,7
4024100915,20141231T000000,689000.0,4,2.75,3250,10000,2.0,0,0,3,9
7527000090,20140814T000000,540000.0,4,1.75,2260,19500,1.0,0,2,3,8
616000140,20150126T000000,315000.0,3,1.0,1900,14400,1.0,0,0,4,7
5466420030,20141007T000000,253000.0,3,2.5,2020,6564,1.0,0,0,3,7
1525059160,20140731T000000,1225000.0,4,2.75,3410,95396,1.5,0,0,4,10
3432500705,20141021T000000,410000.0,4,2.25,2200,8292,2.0,0,0,3,7
4038200480,20141201T000000,480000.0,3,1.0,1160,8800,1.0,0,0,4,7
546001060,20150427T000000,763000.0,4,1.75,1850,4388,2.0,0,0,5,8
6190700284,20140620T000000,420000.0,5,2.75,2280,10319,1.0,0,0,3,8
3905090130,20140717T000000,658100.0,4,2.5,2430,8509,2.0,0,0,3,9
3814900380,20140719T000000,356250.0,3,2.5,2060,5115,2.0,0,0,3,9
6844700415,20150316T000000,605000.0,4,2.25,1750,6120,1.0,0,0,3,7
1965200075,20150316T000000,845000.0,3,1.75,1600,2538,2.0,0,0,3,7
1200019,20140508T000000,647500.0,4,1.75,2060,26036,1.0,0,0,4,8
4060000440,20150204T000000,241000.0,3,1.0,880,6050,1.0,0,0,3,6
8651430780,20140715T000000,178000.0,3,1.0,840,6500,1.0,0,0,5,6
5690500095,20140826T000000,735000.0,3,3.25,2960,39370,2.0,0,0,3,10
8651540040,20140718T000000,549000.0,3,2.25,1920,10961,2.0,0,0,3,8
7504180070,20141111T000000,577000.0,3,1.5,1560,20251,1.0,0,0,5,7
9161100795,20150506T000000,476900.0,3,1.0,1240,5758,1.5,0,0,4,6
8642600090,20150218T000000,324950.0,2,1.5,1643,14616,1.0,0,1,4,7
1939130420,20140715T000000,640000.0,4,2.5,2500,7417,2.0,0,0,3,9
8964800755,20150116T000000,1590000.0,4,2.25,3240,11131,1.0,0,0,4,9
7203101970,20140715T000000,362764.0,3,2.0,1460,4350,2.0,0,0,3,7
7229900885,20141103T000000,313000.0,3,1.0,1510,10369,1.0,0,0,4,7
9265410010,20150203T000000,212000.0,3,1.75,1470,8350,1.0,0,0,3,7
8901000445,20141218T000000,390000.0,3,1.5,1600,10440,1.0,0,0,3,7
7202340860,20150318T000000,561000.0,3,2.5,2120,5277,2.0,0,0,3,7
4392200165,20140904T000000,440000.0,1,1.0,850,6567,1.0,0,0,4,6
9211010220,20141104T000000,530000.0,4,2.5,3250,4500,2.0,0,0,3,8
5502700005,20140625T000000,330000.0,6,2.25,3040,28535,1.0,0,0,3,8
3343300180,20150330T000000,469000.0,3,2.0,1300,22605,1.0,0,0,3,7
6190701483,20140514T000000,364000.0,4,1.75,2010,8625,1.0,0,0,4,7
1237500540,20141021T000000,225000.0,3,1.75,1370,10866,1.0,0,0,4,6
7501000220,20140620T000000,950000.0,4,2.5,3360,11548,2.0,0,0,3,9
6072600200,20150417T000000,470500.0,5,2.5,2500,9248,1.0,0,0,3,8
193300120,20141126T000000,192000.0,3,1.75,1240,10361,1.0,0,0,3,6
2595650220,20150421T000000,313100.0,3,2.0,1730,12821,1.0,0,0,3,8
4140500180,20140604T000000,545000.0,5,2.5,2730,17240,1.0,0,0,5,7
2126049032,20140905T000000,375000.0,3,1.75,1330,9417,1.0,0,0,5,6
9578140180,20140611T000000,329950.0,3,2.5,2456,7566,2.0,0,0,3,8
5347200220,20140911T000000,225000.0,2,1.0,720,4758,1.0,0,0,3,6
993001914,20150106T000000,344000.0,3,2.25,1250,1033,3.0,0,0,3,8
7972604215,20141212T000000,402000.0,5,2.75,2770,7620,1.0,0,0,3,7
1841500050,20141020T000000,334950.0,4,1.75,1700,40973,1.0,0,0,3,8
514500195,20141016T000000,556000.0,4,2.5,2230,7200,1.0,0,0,4,7
5101402312,20150423T000000,485000.0,3,1.0,1260,7250,1.0,0,2,3,7
5104510860,20150506T000000,425000.0,4,3.0,2430,5502,2.0,0,0,3,8
8021700715,20140514T000000,702500.0,3,1.5,2360,6750,2.0,0,0,5,7
5152980070,20150102T000000,514500.0,4,2.5,2990,9614,1.0,0,2,4,9
7230000265,20140617T000000,499500.0,3,2.5,2970,21907,2.0,0,0,3,9
4123800580,20140812T000000,352000.0,4,2.5,2470,6116,1.0,0,0,3,7
6300000226,20140626T000000,240000.0,4,1.0,1200,2171,1.5,0,0,3,7
2807100155,20140515T000000,240000.0,3,2.0,1400,6200,1.0,0,0,3,6
624069003,20150102T000000,829000.0,4,2.75,2970,59677,1.0,0,2,4,8
7128300500,20141230T000000,495000.0,3,2.25,2100,3000,2.0,0,0,3,7
7519000665,20150408T000000,565000.0,5,1.5,1940,3430,1.5,0,0,4,6
303800020,20150513T000000,425000.0,3,2.75,3370,13929,2.0,0,0,3,9
9250900104,20150410T000000,496000.0,5,1.75,2110,8500,1.0,0,0,3,7
3343301490,20140909T000000,,5,3.5,4790,12957,2.0,0,1,3,9
2077700042,20140626T000000,530000.0,3,2.0,2330,26571,2.5,0,0,3,8
8647800150,20150102T000000,273000.0,3,2.25,2160,7964,2.0,0,0,3,8
5072420040,20140910T000000,549950.0,3,2.5,2080,8690,1.0,0,0,3,8
3222049151,20141030T000000,820000.0,3,2.5,2990,10711,1.0,1,4,3,9
3623500408,20150330T000000,2600000.0,3,3.0,3410,16015,2.0,1,4,4,10
2767704251,20150416T000000,514700.0,3,3.25,1310,1072,2.0,0,0,3,8
7129300420,20141202T000000,258000.0,3,1.75,1040,5650,1.0,0,0,5,6
2621750340,20141015T000000,337000.0,3,2.0,1690,9087,1.0,0,0,3,8
5695000270,20141103T000000,660000.0,3,2.25,1570,1680,3.0,0,0,3,8
3982700125,20141230T000000,771000.0,4,2.5,2420,7200,2.0,0,0,3,9
3303950220,20140831T000000,348450.0,4,2.5,1950,8628,2.0,0,0,3,8
9268851320,20141210T000000,450000.0,3,2.25,1620,997,2.5,0,0,3,8
5694500200,20140813T000000,829000.0,4,3.0,3310,4500,2.5,0,0,5,9
7856410030,20140505T000000,1030000.0,5,2.75,3190,16920,1.0,0,3,3,9
6113400046,20140723T000000,389999.0,4,2.5,1890,15770,2.0,0,0,4,7
5057100080,20140919T000000,469950.0,5,3.0,3223,6371,2.0,0,0,3,9
1775800710,20150126T000000,315500.0,3,1.0,1300,12600,1.0,0,0,4,7
6600490220,20141014T000000,278000.0,4,2.5,2290,3777,2.0,0,0,3,7
3782100155,20140527T000000,255000.0,3,1.0,960,8100,1.0,0,0,3,7
9465910190,20140529T000000,600000.0,3,1.75,2930,19876,1.0,0,0,3,9
1924069058,20141010T000000,965000.0,4,3.25,5010,49222,2.0,0,0,5,9
6661200320,20140723T000000,163500.0,2,1.5,1050,3419,2.0,0,0,3,7
2457200040,20150506T000000,280000.0,3,2.25,1810,7630,1.0,0,0,4,7
9828200525,20140815T000000,330000.0,1,1.0,860,4800,1.0,0,0,3,6
7925100271,20140520T000000,430000.0,3,1.75,1200,4500,1.0,0,0,5,7
6840701150,20150311T000000,540000.0,5,1.0,2480,4400,1.5,0,0,3,7
7527410080,20140602T000000,585083.0,5,2.75,2910,36250,1.0,0,0,3,8
1773101215,20140717T000000,399700.0,4,1.75,1320,4800,1.0,0,0,4,7
7131300025,20140521T000000,210000.0,3,1.0,1240,4842,1.0,0,0,4,6
8682262400,20150513T000000,419950.0,,1.75,1350,4003,1.0,0,0,3,8
5710500010,20140610T000000,490000.0,3,2.0,2220,10275,2.0,0,0,3,9
1102000514,20141022T000000,970000.0,5,3.5,3400,9804,2.0,0,0,3,9
3856900005,20140909T000000,535000.0,6,1.75,2460,6000,1.0,0,0,4,7
3157600075,20150207T000000,380000.0,3,2.0,1440,3218,1.0,0,0,3,7
3876000910,20150129T000000,487000.0,4,2.25,2400,7000,1.0,0,0,4,8
5450300010,20140902T000000,572000.0,3,1.5,1680,13751,1.0,0,0,4,7
1201500010,20150330T000000,833000.0,4,2.5,2190,12690,1.0,0,2,3,8
3876300600,20141212T000000,371000.0,4,1.75,1610,11305,1.0,0,0,3,7
9285800790,20150406T000000,590000.0,5,1.0,1840,6710,1.5,0,0,3,7
8151600900,20141112T000000,445000.0,5,3.0,2420,11250,2.0,0,0,3,8
7853240100,20140902T000000,772500.0,5,2.75,3890,9130,2.0,0,0,3,9
1232001985,20150428T000000,557000.0,2,1.5,1450,3840,1.0,0,0,3,7
4178300130,20150413T000000,950000.0,7,3.5,3470,16264,2.0,0,0,4,9
2636900126,20150312T000000,365000.0,4,2.5,1570,9600,1.0,0,0,3,7
1383800015,20150108T000000,524000.0,3,2.25,1370,1007,3.0,0,0,3,8
1900600105,20140828T000000,255000.0,3,1.5,1490,6604,1.0,0,0,4,6
9178601660,20150514T000000,1695000.0,5,3.0,3320,5354,2.0,0,0,3,9
8944360290,20150413T000000,477000.0,3,2.5,1740,4960,2.0,0,0,3,8
1246700251,20140527T000000,857000.0,4,3.0,3720,29043,2.0,0,0,3,9
925069111,20150507T000000,568000.0,3,1.75,1760,235224,1.0,0,0,3,7
6190500340,20140509T000000,580000.0,4,2.5,2840,6268,2.0,0,0,3,9
6979900010,20140905T000000,975000.0,4,2.5,3420,183387,2.0,0,0,3,10
1442880640,20140715T000000,504058.0,4,2.75,2910,7467,2.0,0,0,3,8
6825100015,20140604T000000,437000.0,2,1.75,1500,6800,1.0,0,0,4,7
2484700155,20141014T000000,705000.0,4,2.0,2060,6000,1.0,0,1,4,8
5057100090,20150505T000000,459950.0,5,2.75,3078,6371,2.0,0,0,3,9
1115400090,20140821T000000,610000.0,3,2.5,2060,8893,2.0,0,0,3,8
9266700295,20141024T000000,397000.0,3,1.75,1340,5100,1.0,0,0,3,7
2937300440,20140908T000000,923990.0,4,2.5,3600,6055,2.0,0,0,3,9
2769602475,20140509T000000,490000.0,2,1.0,1840,3300,1.5,0,0,4,6
8078430480,20140806T000000,545000.0,4,2.5,2040,7412,2.0,0,0,3,8
323059316,20150505T000000,535000.0,5,2.5,3190,6178,2.0,0,0,3,8
4034900065,20140530T000000,459900.0,3,1.75,2580,11000,1.0,0,0,4,7
142000175,20140822T000000,625000.0,3,1.75,2240,6050,1.0,0,0,4,8
2372800145,20141023T000000,219950.0,2,1.0,940,8997,1.0,0,0,5,7
4249000230,20140829T000000,766000.0,3,2.5,2270,9822,2.0,0,0,3,9
8085400055,20150428T000000,1582500.0,4,2.5,3980,16304,1.0,0,1,3,10
5694500386,20141020T000000,399950.0,2,2.25,1140,1184,2.0,0,0,3,8
9528101224,20141007T000000,579950.0,3,3.5,1420,1217,2.0,0,0,3,8
9138100261,20141029T000000,645000.0,4,1.5,2550,4000,1.5,0,0,4,7
1085623350,20141007T000000,460940.0,4,2.5,3202,4964,2.0,0,0,3,9
7809200035,20150123T000000,290000.0,2,1.0,1250,12507,1.0,0,0,5,7
7967900150,20150430T000000,367950.0,4,2.5,3030,9500,2.0,0,0,3,8
4233400480,20141124T000000,240000.0,3,2.0,1190,10299,1.0,0,0,3,7
5028600550,20141229T000000,262000.0,3,1.75,1320,6530,1.0,0,0,4,7
2023059052,20150504T000000,450000.0,3,1.0,1350,92721,1.0,0,0,2,6
9831200159,20140806T000000,2250000.0,3,3.25,3890,3452,2.0,0,0,3,12
3204500340,20141219T000000,179500.0,3,1.0,1180,32214,1.0,0,0,3,7
5101405340,20140821T000000,460000.0,2,2.5,1830,8107,1.0,0,0,5,7
1962200435,20141110T000000,1010000.0,4,1.0,1820,5400,1.5,0,0,3,8
7527000020,20150425T000000,792000.0,3,2.5,2250,19270,2.0,0,0,3,8
1137610140,20140610T000000,505000.0,3,2.5,2340,5957,2.0,0,0,3,8
3211000170,20140922T000000,255000.0,4,2.5,1580,7800,1.0,0,0,4,7
2330000130,20140723T000000,813500.0,4,2.0,2530,15520,1.0,0,0,5,8
486000085,20140815T000000,866800.0,4,3.5,2970,5000,2.0,0,2,3,9
2921079027,20140924T000000,400000.0,4,2.5,2170,204296,1.0,0,0,4,7
6851700381,20150414T000000,935000.0,4,2.0,2580,4500,2.0,0,0,4,9
9265880170,20140826T000000,550000.0,4,2.5,2470,5954,2.0,0,0,3,8
5647900670,20140620T000000,340000.0,3,1.75,1880,11249,1.0,0,0,3,7
7625703945,20140701T000000,345000.0,2,1.0,1080,7775,1.0,0,0,3,6
5145100460,20140924T000000,469500.0,4,2.5,2090,7241,1.0,0,0,4,7
7853430180,20140716T000000,699188.0,4,3.25,3250,5478,2.0,0,0,3,9
4139460200,20150325T000000,905000.0,4,2.5,3330,9557,2.0,0,0,3,10
6619910260,20150407T000000,536650.0,3,1.75,2090,8910,1.0,0,0,3,8
582000010,20150320T000000,830200.0,3,2.5,2680,4990,1.0,0,0,5,8
7104100110,20150511T000000,899000.0,4,3.5,2490,5500,2.0,0,0,3,9
1432701510,20141021T000000,249000.0,4,2.0,1280,7560,1.0,0,0,5,6
8096800260,20150407T000000,272000.0,3,2.5,1528,7616,2.0,0,0,3,7
3343901340,20140804T000000,330000.0,3,1.75,1460,9261,1.0,0,0,3,7
869700060,20140729T000000,315000.0,3,2.5,1260,2767,2.0,0,0,3,8
3279000460,20140926T000000,196500.0,3,2.0,1310,7000,1.0,0,0,4,7
3889100029,20140617T000000,810000.0,3,2.5,2670,10481,2.0,0,0,3,9
3250500140,20141008T000000,850000.0,3,1.75,1400,9900,1.0,0,0,3,7
3362401815,20140930T000000,764000.0,3,2.0,1420,4080,1.5,0,0,5,8
9828200746,20150504T000000,440000.0,2,1.5,1120,1024,2.0,0,0,3,8
2023049206,20140630T000000,289950.0,3,2.5,1760,8584,1.5,0,0,5,7
2436200025,20141009T000000,580000.0,6,1.75,2180,4000,1.5,0,0,4,7
2817900100,20150330T000000,450000.0,3,2.75,2840,39324,1.0,0,0,3,9
2524049018,20141205T000000,1406890.0,5,2.25,3580,16789,2.0,0,0,5,9
2917200475,20150323T000000,430000.0,2,,760,7114,1.0,0,0,3,6
7821200307,20150217T000000,515000.0,2,1.0,970,3300,1.0,0,0,4,7
2652501513,20140813T000000,539950.0,3,2.0,1560,3200,1.5,0,0,3,7
4427100130,20150304T000000,431000.0,3,1.0,1500,6240,1.0,0,0,4,7
8648900010,20150102T000000,530200.0,4,2.5,1880,3853,2.0,0,0,3,8
6065300370,20150506T000000,4208000.0,5,6.0,7440,21540,2.0,0,0,3,12
7518502945,20140519T000000,524950.0,3,1.75,1890,3825,1.0,0,0,3,7
9262800057,20150203T000000,269950.0,4,1.0,1440,9600,1.0,0,0,2,7
2117700085,20140730T000000,375950.0,3,1.75,1480,7560,1.0,0,0,3,6
1775930140,20150505T000000,365000.0,3,1.75,1830,17349,1.0,0,0,3,8
2731600080,20150422T000000,454000.0,5,2.25,2550,9200,1.0,0,0,4,8
1787600252,20150505T000000,282000.0,2,1.0,1150,6098,1.0,0,0,3,7
6054650070,20141007T000000,400000.0,3,1.75,1370,9680,1.0,0,0,4,7
2206700215,20140822T000000,375000.0,4,2.0,2070,9822,1.0,0,0,5,7
6447300365,20141113T000000,2900000.0,5,4.0,5190,14600,2.0,0,1,3,11
3395040550,20140728T000000,250000.0,3,2.5,1530,2890,2.0,0,0,3,7
726059048,20140926T000000,490500.0,3,2.0,3000,21883,2.0,0,0,3,7
4363700304,20140804T000000,400000.0,2,1.0,1270,7440,1.0,0,0,4,7
6791400100,20140910T000000,353000.0,4,2.5,2210,13721,2.0,0,0,3,8
6306800020,20141111T000000,452000.0,4,2.5,2716,7850,2.0,0,0,3,9
3862710180,20150326T000000,408474.0,3,2.5,1800,2731,2.0,0,0,3,8
8100400160,20150413T000000,700000.0,3,2.25,2330,11424,2.0,0,0,4,8
3298700110,20141109T000000,373000.0,3,2.5,2990,6771,1.0,0,0,3,7
4046500720,20141107T000000,470950.0,3,2.5,2560,16420,2.0,0,0,4,8
985000833,20140910T000000,209977.0,3,1.0,1170,6134,1.0,0,0,4,7
1726069084,20141208T000000,465000.0,4,1.75,1810,21650,2.0,0,0,4,7
2424000060,20140616T000000,500000.0,4,2.75,2280,15347,1.0,0,0,5,7
7011201306,20150212T000000,1120280.0,4,4.0,2530,1774,3.0,0,2,3,9
6917700305,20150219T000000,529000.0,2,1.0,1210,7667,1.0,0,0,3,6
1972205338,20150418T000000,550000.0,3,3.5,1450,1091,2.0,0,0,3,8
5244800695,20140616T000000,524000.0,2,1.0,1120,2000,1.5,0,0,3,7
2428100130,20141210T000000,834538.0,3,2.5,2760,6187,2.0,0,0,3,10
1853000030,20150416T000000,775000.0,3,2.5,3550,32807,2.0,0,0,,9
8106100105,20141114T000000,3850000.0,4,4.25,5770,21300,2.0,1,4,4,11
5605000215,20150225T000000,700000.0,4,1.0,1470,5450,1.5,0,0,3,7
7973202712,20150324T000000,130000.0,2,1.0,780,5300,1.0,0,0,3,6
8731800210,20140711T000000,235000.0,3,2.5,2350,9051,1.0,0,0,4,8
1023059313,20150205T000000,390000.0,3,2.5,1910,4755,2.0,0,0,3,8
9536601045,20150428T000000,227500.0,3,1.0,1540,9450,1.0,0,0,4,7
8581400015,20140722T000000,189900.0,2,1.0,1000,4179,1.0,0,0,5,5
1788800770,20140728T000000,187500.0,3,1.0,840,8400,1.0,0,0,3,6
8819900055,20150330T000000,503000.0,2,1.0,870,4280,1.0,0,2,4,6
8682220230,20141017T000000,779950.0,2,2.5,2680,7625,1.0,0,0,3,9
3869900136,20141219T000000,539950.0,3,2.25,1670,1596,3.0,0,0,3,8
952002765,20141114T000000,460000.0,4,1.75,1720,3050,1.5,0,0,5,7
5540800100,20150511T000000,245000.0,3,1.0,910,6630,1.0,0,0,4,6
2767601872,20150119T000000,657000.0,2,3.0,1570,1281,3.0,0,0,3,8
8562790480,20141006T000000,654000.0,3,2.5,2220,2873,2.0,0,0,3,10
263000253,20150330T000000,380000.0,3,2.25,1550,1485,3.0,0,0,3,8
6646200710,20150409T000000,654300.0,3,2.5,2490,8582,2.0,0,0,3,9
1723049419,20141204T000000,306000.0,3,1.5,1250,8700,1.0,0,0,4,7
809000525,20140826T000000,872500.0,3,2.5,2040,6000,1.0,0,0,3,8
7905370440,20141010T000000,469950.0,5,2.5,2310,8303,1.0,0,0,3,7
3754700420,20150401T000000,375000.0,3,1.0,1310,8400,1.0,0,0,3,7
8562720230,20141107T000000,980000.0,4,3.25,3720,7150,2.0,0,2,3,11
8691390980,20140902T000000,728000.0,4,2.5,3290,5951,2.0,0,0,3,9
2193300620,20150217T000000,403000.0,3,2.25,1840,13020,1.0,0,0,3,8
7203220310,20140822T000000,839990.0,4,2.75,3660,5637,2.0,0,0,3,9
1939120450,20140522T000000,657500.0,3,2.5,2670,10496,2.0,0,0,3,9
2419700080,20150505T000000,915000.0,4,2.5,2910,4356,3.0,0,0,3,8
421059018,20141104T000000,257000.0,3,1.75,1397,18000,1.0,0,0,3,7
9211500560,20141028T000000,245000.0,3,2.0,1690,6790,1.0,0,0,3,7
9834201215,20141009T000000,276000.0,2,1.0,870,2676,1.0,0,0,3,7
8024200625,20150205T000000,414500.0,3,1.0,1050,6002,1.0,0,0,3,7
2826049117,20140528T000000,438750.0,3,1.75,1610,6480,1.0,0,0,4,7
4024101052,20141217T000000,305500.0,3,1.0,1240,6090,1.0,0,0,4,7
3585210200,20140602T000000,366000.0,3,1.75,1510,8301,1.0,0,0,3,7
9297800165,20141211T000000,430000.0,4,2.25,2020,4840,1.5,0,0,5,8
5149800040,20140918T000000,255000.0,4,2.0,2560,12155,1.0,0,0,4,7
5366200460,20140520T000000,619500.0,3,2.5,1700,4105,2.0,0,0,3,8
5466380050,20141219T000000,304500.0,4,2.5,2030,5202,2.0,0,0,3,8
8682230950,20150317T000000,559000.0,2,2.0,1660,4500,1.0,0,0,3,8
5332200515,20150209T000000,1050000.0,3,1.75,2650,5512,2.0,0,0,3,9
2895730540,20141210T000000,929000.0,5,3.25,4150,7100,2.0,0,0,3,10
148000035,20140602T000000,544000.0,3,1.5,1790,8203,1.5,0,1,3,7
3364900156,20150317T000000,382888.0,1,1.0,620,2380,1.0,0,0,3,6
9532000500,20140801T000000,415000.0,3,2.5,1610,3600,2.0,0,0,3,8
2625069070,20150410T000000,1385000.0,4,3.25,4860,181319,2.5,0,0,3,9
1087700030,20140619T000000,450000.0,3,1.75,1610,11200,1.0,0,0,3,7
9418400240,20141028T000000,355000.0,2,1.0,2020,6720,1.0,0,0,3,7
7923600250,20150515T000000,450000.0,5,2.0,1870,7344,1.5,0,0,3,7
7972000200,20140529T000000,264950.0,4,2.25,1720,9753,1.0,0,0,4,7
7338402850,20141126T000000,250000.0,4,3.0,1800,2500,2.0,0,0,3,7
2769600560,20140527T000000,529000.0,3,1.0,1210,3328,1.5,0,0,4,7
339600070,20140721T000000,408000.0,3,2.0,1640,3440,2.0,0,0,3,7
2600010360,20150309T000000,440000.0,3,2.0,1800,10950,1.0,0,0,4,8
1431700210,20140702T000000,305000.0,3,1.0,1580,7424,1.0,0,0,3,7
3904921070,20140812T000000,590000.0,4,2.5,2340,8971,2.0,0,0,3,9
5634500891,20150312T000000,319900.0,2,1.0,1380,9251,1.0,0,0,3,7
7955000210,20140709T000000,306000.0,3,1.0,1450,7200,1.0,0,0,3,7
65000210,20140626T000000,471000.0,2,1.75,1240,6417,1.0,0,0,5,7
3432501295,20140623T000000,290000.0,3,1.0,1150,8145,1.0,0,0,4,6
1313000220,20140513T000000,675000.0,5,3.0,3410,9600,1.0,0,0,4,8
1862400215,20150120T000000,775000.0,3,2.5,2480,5007,2.0,0,0,3,8
4337000285,20150224T000000,255000.0,3,2.0,1500,8775,1.0,0,0,3,6
7655900062,20140728T000000,305240.0,3,1.0,1300,9000,1.0,0,0,3,7
6392001670,20140611T000000,588000.0,4,2.0,1680,5000,1.0,0,0,3,7
7589200193,20141110T000000,535000.0,3,1.0,1090,3000,1.5,0,0,4,8
2895550190,20140808T000000,245000.0,4,2.5,1700,4268,2.0,0,0,3,7
8682280260,20150326T000000,412250.0,2,2.0,1300,2983,1.0,0,0,3,8
3904940200,20140620T000000,660000.0,4,3.25,3030,9273,2.0,0,0,5,8
9274200620,20141028T000000,490000.0,2,1.75,1670,4200,2.0,0,0,3,7
1402200440,20150212T000000,410000.0,5,2.75,2910,16410,1.5,0,0,4,8
4363700365,20140801T000000,429000.0,4,2.5,2100,7920,1.5,0,0,4,6
2354300740,20150303T000000,551000.0,3,1.0,1580,6000,1.0,0,0,5,7
8155850010,20140507T000000,,4,4.0,3680,18804,2.0,0,0,3,10
7661600206,20150129T000000,262000.0,4,2.5,2070,8685,2.0,0,0,3,7
844001485,20150429T000000,320900.0,5,2.5,2200,8500,1.0,0,0,4,7
2877101821,20140805T000000,500000.0,3,1.0,1220,3400,1.0,0,0,3,7
7936000463,20150416T000000,838000.0,4,2.5,2560,7210,2.0,0,0,3,9
3739500096,20150505T000000,430000.0,3,2.0,1540,6000,1.0,0,0,4,6
9320500080,20140510T000000,265000.0,4,1.0,1940,9533,1.0,0,0,3,7
8562900590,20150122T000000,865000.0,4,3.5,3380,11270,2.0,0,1,3,9
9285800055,20141014T000000,619500.0,4,2.5,2210,5077,1.5,0,0,4,8
8562780190,20141007T000000,315000.0,2,2.25,1240,705,2.0,0,0,3,7
3425059099,20140625T000000,625000.0,5,2.5,2700,21208,1.0,0,0,4,8
8820902350,20141203T000000,810000.0,4,3.5,3470,7396,2.0,0,3,3,8
7852130430,20140806T000000,425000.0,4,2.5,2390,5021,2.0,0,0,3,7
4140930010,20140919T000000,739000.0,4,2.5,2780,6737,2.0,0,0,3,9
226039186,20140520T000000,299950.0,3,1.0,910,8000,1.0,0,0,4,6
3295610080,20150401T000000,912000.0,4,2.75,4030,10888,2.0,0,0,3,10
7905390220,20140623T000000,449500.0,3,2.25,1780,7280,1.0,0,2,3,7
1102000270,20140701T000000,1080000.0,3,2.75,3890,7216,2.0,0,1,3,8
7852011020,20150327T000000,527900.0,3,2.5,2490,5928,2.0,0,2,3,8
3322049126,20140721T000000,261000.0,4,1.0,1390,17739,1.0,0,0,3,7
8857100060,20141110T000000,277700.0,2,1.5,1240,1055,2.0,0,0,3,8
8835800350,20150112T000000,1950000.0,4,3.25,7420,167869,2.0,0,3,3,12
3438500168,20150507T000000,325000.0,3,1.5,1060,7488,1.0,0,0,5,7
2558720120,20140505T000000,487585.0,4,1.75,2010,9211,1.0,0,0,3,7
9536601996,20140610T000000,149500.0,3,1.0,1010,9450,1.0,0,0,4,7
1725059252,20150402T000000,550000.0,4,3.5,2770,24140,2.0,0,0,3,8
8562600260,20141120T000000,432500.0,3,1.75,1470,7350,1.0,0,0,3,8
7935000450,20140919T000000,1050000.0,3,2.25,2480,15022,1.0,0,4,3,9
3438501100,20150427T000000,400000.0,3,1.0,1240,4000,1.5,0,0,3,8
7229900145,20141216T000000,430000.0,4,2.5,2010,16020,1.5,0,0,5,8
7796100080,20140520T000000,925000.0,4,2.25,2260,41984,1.0,0,0,4,9
8663280080,20141223T000000,405000.0,3,2.0,1660,8174,1.0,0,0,3,7
4338800720,20150224T000000,240000.0,4,2.0,1750,7800,1.0,0,0,4,6
7893207665,20150128T000000,210000.0,,1.0,1030,4583,1.0,0,0,3,7
3275850180,20140602T000000,675000.0,3,2.25,2610,9002,2.0,0,0,3,9
6600220090,20141118T000000,475000.0,2,2.5,1620,14467,2.0,0,0,3,7
7200001005,20150501T000000,593777.0,3,1.75,1510,10450,1.0,0,0,4,7
3275740030,20140507T000000,420000.0,3,2.25,1770,8165,2.0,0,0,3,7
7888700030,20140825T000000,605000.0,3,2.5,2960,18600,2.0,0,0,3,8
7523850150,20141027T000000,325250.0,4,2.75,2130,9339,1.0,0,0,3,7
5016001325,20140516T000000,605000.0,3,2.25,1290,2500,2.0,0,0,4,8
7518500985,20140903T000000,591500.0,4,2.5,1690,4080,1.5,0,0,4,7
2130702350,20140604T000000,364950.0,4,2.5,2310,8030,2.0,0,0,3,7
1702900624,20140527T000000,370000.0,2,2.25,1280,835,2.0,0,0,3,7
3558900590,20141125T000000,360000.0,6,1.75,2230,10080,1.0,0,0,3,7
6072100140,20141017T000000,500000.0,3,1.75,1530,8829,1.0,0,0,5,8
3649100304,20140819T000000,400000.0,3,2.25,1740,11040,2.0,0,0,3,8
1646502165,20140813T000000,480000.0,2,1.75,1170,4635,1.0,0,0,,6
3226049045,20150430T000000,350000.0,3,1.5,1090,5003,1.0,0,0,3,7
3205100130,20140506T000000,387000.0,3,1.0,1230,9568,1.0,0,0,5,7
8682230550,20140916T000000,428000.0,2,2.0,1350,4225,1.0,0,0,3,8
7234600903,20141016T000000,419000.0,2,2.25,1180,1253,2.0,0,0,3,8
4168000060,20150226T000000,153000.0,3,1.0,1200,10500,1.0,0,0,3,7
7349650230,20150302T000000,247500.0,3,2.25,1620,6000,1.0,0,0,3,7
7715800710,20140722T000000,470000.0,4,2.5,1850,11250,1.5,0,0,3,7
8887001192,20140620T000000,355000.0,2,1.0,1240,27042,1.0,0,1,3,6
7853301570,20150430T000000,685000.0,4,2.5,3550,10968,2.0,0,0,3,9
3333002440,20140604T000000,327500.0,3,1.0,1070,7140,1.0,0,0,3,7
9282800075,20150317T000000,339000.0,4,2.5,1740,6000,1.0,0,0,4,7
2781250610,20141202T000000,250000.0,3,2.0,1470,2781,2.0,0,0,3,6
2902200240,20140610T000000,499950.0,2,2.25,1060,1208,2.0,0,0,3,8
5272200035,20140903T000000,390000.0,3,1.0,1000,6947,1.0,0,0,3,7
603000926,20140522T000000,380000.0,5,3.5,2420,4670,2.0,0,0,3,7
204000140,20150403T000000,403000.0,3,1.0,1500,10730,1.0,0,0,3,7
5249804655,20141017T000000,800000.0,4,2.25,2010,7200,1.0,0,1,4,8
3025049028,20141216T000000,930000.0,2,1.5,1800,4500,1.0,0,2,3,7
3278600240,20140722T000000,372500.0,2,2.5,1400,2958,2.0,0,0,3,8
1919800090,20141215T000000,625000.0,4,1.75,2410,6770,1.0,0,0,4,7
4100000050,20141030T000000,813000.0,3,1.75,2080,11866,1.0,0,0,3,8
4178300040,20150219T000000,841000.0,4,2.5,3080,13870,2.0,0,0,4,9
7852010950,20141020T000000,543500.0,4,2.5,2550,5835,2.0,0,0,3,8
4068300280,20140708T000000,255000.0,3,1.75,1550,9720,1.0,0,0,3,7
9264911150,20150423T000000,310000.0,3,1.75,2130,7140,1.0,0,0,3,8
7855801670,20150401T000000,2250000.0,4,3.25,5180,19850,2.0,0,3,3,12
5589300495,20150304T000000,310000.0,3,2.75,2150,6576,1.0,0,0,4,7
2923500010,20150114T000000,757500.0,5,2.25,3160,8065,2.0,0,0,3,8
7936000429,20150326T000000,1007500.0,4,3.5,3510,7200,2.0,0,0,3,9
6415100297,20150219T000000,530000.0,3,2.5,2160,9063,2.0,0,0,3,8
7806450190,20150102T000000,500000.0,3,2.5,2760,35171,2.0,0,0,3,9
7986401205,20150425T000000,530000.0,2,1.0,760,3000,1.0,0,0,3,6
2524059267,20140917T000000,799900.0,4,4.0,3650,18223,2.0,0,3,3,9
7861300140,20140616T000000,353500.0,4,2.25,1760,9602,2.0,0,0,3,7
2473370870,20150416T000000,449950.0,4,2.25,3490,8400,1.5,0,0,4,8
7922720250,20150506T000000,601002.0,4,2.5,2050,8094,1.0,0,0,3,8
524069049,20150402T000000,700000.0,3,1.5,1460,78408,1.0,0,0,4,7
1624079021,20150313T000000,355000.0,3,1.0,1890,36300,1.0,0,0,3,7
5714200140,20150422T000000,421500.0,4,3.0,2793,5703,2.0,0,0,3,9
3753000010,20140507T000000,417250.0,3,2.25,1606,1452,3.0,0,0,3,8
2652501470,20140521T000000,1220000.0,4,2.5,3240,3600,2.0,0,0,3,9
3356403304,20141016T000000,154000.0,3,3.0,1530,9997,1.0,0,0,3,6
6600350140,20150408T000000,295000.0,4,2.5,2030,5754,2.0,0,0,3,8
2517000140,20140516T000000,306000.0,,2.5,1870,5874,2.0,0,0,3,7
1703400585,20141215T000000,325000.0,3,2.0,2330,4950,1.5,0,0,3,6
2832100910,20140708T000000,435000.0,4,2.75,2230,9640,1.0,0,0,3,8
2724049146,20150317T000000,420000.0,3,1.0,1060,6000,1.0,0,0,3,8
3339900096,20141210T000000,250750.0,5,1.75,2140,12058,1.0,0,0,4,8
1118000320,20150508T000000,3400000.0,4,4.0,4260,11765,2.0,0,0,3,11
1432900150,20150406T000000,320000.0,4,1.75,1820,7381,1.0,0,0,5,7
5469501850,20140629T000000,402000.0,4,2.75,2950,15540,1.0,0,0,4,8
2921049079,20140514T000000,299000.0,2,1.75,1250,34395,1.0,0,0,4,7
6669070220,20140821T000000,716125.0,3,2.25,2110,7279,1.0,0,0,4,9
2771603050,20141204T000000,717500.0,3,1.0,2090,4000,1.5,0,2,3,8
2346200050,20141017T000000,760369.0,5,2.5,2870,4712,2.0,0,0,3,9
6699940120,20150430T000000,356000.0,4,2.5,2470,5074,2.0,0,0,3,8
9464700340,20140708T000000,1115000.0,4,2.5,3180,31931,1.0,0,0,4,10
2592400550,20140709T000000,463000.0,4,2.5,1980,6660,2.0,0,0,4,7
871001365,20150219T000000,655000.0,3,1.75,1800,5102,1.0,0,0,3,7
31200020,20150319T000000,1038000.0,5,2.75,3050,8904,1.0,0,0,4,8
3342101937,20150410T000000,980000.0,5,4.0,3460,5400,2.0,0,0,3,10
8731951670,20140606T000000,270000.0,4,2.25,1900,8600,1.0,0,0,4,8
3904960910,20140917T000000,635000.0,4,2.5,3050,7238,2.0,0,0,3,8
5132000140,20140618T000000,175000.0,6,1.0,1370,5080,1.5,0,0,3,6
2223089048,20140625T000000,356000.0,4,2.0,2020,48693,1.5,0,0,3,7
3362900696,20141020T000000,415000.0,3,1.0,1500,3399,2.0,0,0,5,7
42000245,20140613T000000,171000.0,4,2.0,1520,19672,1.0,0,0,3,6
8820902540,20141114T000000,425000.0,2,1.0,1670,6212,1.0,0,0,4,7
1926059155,20150130T000000,257000.0,3,1.75,1850,10920,1.5,0,0,3,6
6908200650,20140527T000000,732000.0,3,2.5,2330,1987,2.0,0,4,3,9
4053200410,20140513T000000,273000.0,4,1.5,2180,22870,1.0,0,0,4,6
7905380380,20141209T000000,348500.0,4,1.75,1870,7575,1.0,0,0,3,7
4045500620,20140910T000000,720000.0,3,3.25,3410,25741,2.0,0,0,4,8
5175800060,20140623T000000,365000.0,4,2.0,1940,25600,1.0,0,0,1,8
1437500015,20140709T000000,150000.0,3,0.75,490,38500,1.5,0,0,4,5
3356407665,20140924T000000,180000.0,3,1.75,1330,16000,1.0,0,0,3,7
2180001080,20140819T000000,277500.0,3,2.0,1260,22100,2.0,0,0,4,7
7732410220,20140701T000000,808000.0,4,2.25,2500,8866,2.0,0,0,4,9
993001330,20140505T000000,406100.0,3,2.25,1410,1332,3.0,0,0,3,8
9498200091,20140925T000000,582500.0,2,2.0,1540,6804,1.0,0,0,5,7
3342103148,20150213T000000,502500.0,5,2.5,2430,6168,2.0,0,0,3,8
3797310010,20140827T000000,277000.0,3,2.25,2160,9612,2.0,0,0,3,7
9238450160,20150428T000000,389000.0,3,1.0,,9630,1.0,0,0,3,7
9103000393,20140910T000000,1225000.0,5,4.5,3732,4426,2.5,0,0,3,10
2540830020,20150401T000000,445000.0,3,2.25,1630,6449,1.0,0,0,3,7
4215100060,20150320T000000,365000.0,3,2.5,2653,4510,2.0,0,0,3,8
225069017,20140714T000000,850000.0,4,3.0,2720,183823,2.0,0,0,3,8
7227502075,20150409T000000,410000.0,4,2.5,2070,6180,2.0,0,0,3,8
2722059183,20141014T000000,218500.0,4,1.75,1400,25500,1.0,0,0,4,7
1524079156,20140610T000000,435000.0,5,2.25,1970,15247,1.0,0,0,3,7
4022906222,20141126T000000,469000.0,3,2.25,2620,10659,1.0,0,0,3,7
2044500142,20140902T000000,420000.0,3,1.75,1770,6000,1.0,0,0,3,7
7276100145,20140930T000000,344950.0,3,2.0,1470,6950,1.0,0,0,5,6
4077800590,20150226T000000,635000.0,4,2.5,2080,11176,1.0,0,0,5,8
3034200530,20140620T000000,400000.0,3,1.0,1430,10005,1.5,0,0,4,7
7504021510,20141219T000000,750000.0,4,2.25,3140,12150,2.0,0,0,3,9
2264500425,20140620T000000,640000.0,2,1.75,1760,4400,1.0,0,0,4,7
1025069106,20150223T000000,765000.0,3,3.0,3270,38088,2.0,0,0,3,10
6840701610,20140701T000000,332888.0,2,2.5,1050,1029,2.0,0,0,3,8
3997500130,20150224T000000,310000.0,2,1.0,770,8149,1.0,0,0,4,6
925069100,20150327T000000,820000.0,3,2.5,3030,46538,2.0,0,0,3,10
3856901525,20141001T000000,627500.0,4,1.0,1560,4080,1.5,0,0,3,7
1257200315,20140705T000000,1200000.0,4,2.5,2700,4275,2.0,0,0,3,9
2780700020,20140910T000000,375000.0,4,2.5,1900,9428,2.0,0,0,3,8
952004875,20140602T000000,661000.0,4,2.25,1990,4600,1.5,0,2,4,8
2155500030,20150428T000000,380000.0,4,1.75,1720,9600,1.0,0,0,4,8
3276940100,20140522T000000,1000000.0,4,3.0,4260,18687,2.0,0,0,3,11
1829300260,20141113T000000,765000.0,4,2.5,3360,13636,2.0,0,0,3,10
3034200247,20150206T000000,360000.0,3,1.75,1950,7260,1.0,0,0,3,8
1079350090,20140617T000000,332000.0,3,2.5,1530,9406,1.0,0,0,3,7
9406590250,20150224T000000,293000.0,4,2.25,1870,5371,2.0,0,0,3,7
9286100200,20140813T000000,450000.0,3,2.5,1670,2589,2.0,0,0,3,8
7011201475,20140527T000000,780000.0,3,3.0,2520,2152,1.5,0,0,3,8
6601200250,20150402T000000,205000.0,,2.5,1767,4500,2.0,0,0,3,8
7234600786,20140511T000000,842500.0,4,2.5,2160,5298,2.5,0,0,4,9
5451220200,20140624T000000,998000.0,4,2.25,2420,10200,2.0,0,0,4,9
3541600210,20140618T000000,410000.0,4,2.0,1970,10500,1.0,0,0,3,8
7979900215,20140611T000000,381000.0,3,1.5,1460,11407,1.0,0,0,3,7
1588600045,20141215T000000,459000.0,2,1.75,1170,4887,1.0,0,0,3,6
3904901670,20140620T000000,455000.0,3,2.25,1470,4653,2.0,0,0,4,7
2126049154,20141217T000000,435000.0,4,2.75,2160,8148,1.0,0,0,3,7
3585900080,20150326T000000,1070000.0,6,3.25,3560,21400,2.0,0,4,4,9
3333002385,20150417T000000,370000.0,5,3.0,2220,5185,2.0,0,3,3,7
5662100110,20150218T000000,440000.0,3,2.5,1830,6807,2.5,0,0,5,7
1760650880,20150317T000000,327000.0,4,2.5,2110,3825,2.0,0,0,3,7
1795500060,20141021T000000,198400.0,3,1.0,1040,8645,1.0,0,0,4,7
127100005,20150401T000000,377000.0,4,1.75,1800,8385,1.0,0,0,5,6
8899200110,20140603T000000,235000.0,3,2.0,1530,8700,1.0,0,0,4,7
2025069065,20140929T000000,2400000.0,4,2.5,3650,8354,1.0,1,4,3,9
1455600015,20141212T000000,760000.0,3,3.5,2350,10739,1.0,0,2,5,7
3276200280,20141219T000000,296500.0,3,1.5,1580,10100,1.0,0,0,4,7
7212660900,20140723T000000,281000.0,3,2.5,1760,7601,2.0,0,0,3,8
2781280230,20150128T000000,292000.0,3,2.5,1610,3848,2.0,0,0,3,8
7936000403,20140609T000000,568000.0,3,1.75,2050,3520,1.0,0,0,4,7
9468200100,20140710T000000,569950.0,4,1.0,1140,5940,1.0,0,2,3,7
9578080040,20140812T000000,589000.0,3,3.0,1720,954,3.0,0,0,3,8
191100410,20140620T000000,970500.0,3,2.75,2470,10125,2.0,0,0,3,8
2926069083,20140507T000000,900000.0,5,3.75,4130,226076,2.0,0,0,3,9
3867400180,20150327T000000,715000.0,2,1.0,1000,3513,1.0,0,4,4,5
1332700010,20141216T000000,305000.0,2,2.25,1610,1968,2.0,0,0,5,7
8035350090,20140616T000000,435000.0,3,2.5,2300,9521,2.0,0,0,3,8
2624049035,20140617T000000,560000.0,3,2.0,2340,3477,1.0,0,1,5,7
3761100240,20141027T000000,901000.0,4,2.75,3030,18400,1.5,0,3,3,9
6817800220,20140829T000000,434900.0,3,2.0,1520,11067,1.0,0,0,3,7
2547200240,20140622T000000,687000.0,4,2.5,2370,10083,2.0,0,0,5,8
9276200190,20150416T000000,569950.0,5,1.0,1420,6250,1.5,0,0,4,8
6205500030,20141103T000000,480000.0,4,2.0,2180,10575,1.0,0,0,2,6
1338800365,20140507T000000,1500000.0,6,2.5,3560,6480,2.5,0,0,4,11
6817750440,20141014T000000,300000.0,4,2.5,1914,3272,2.0,0,0,3,8
323079058,20150105T000000,850000.0,4,3.75,3890,22000,2.0,0,0,3,10
8901500178,20141030T000000,700000.0,4,2.25,2440,9450,1.5,0,0,3,7
7785350010,20150402T000000,935000.0,3,2.5,3570,15151,1.0,0,0,4,8
6411600026,20141003T000000,475500.0,3,1.0,1500,9416,1.0,0,0,4,8
1085623730,20141129T000000,498445.0,4,2.5,3216,5902,2.0,0,0,3,9
8581400345,20150409T000000,315000.0,4,3.0,2210,4191,2.0,0,0,3,7
2754700035,20141125T000000,925000.0,5,3.5,3420,4216,2.0,0,0,3,9
3558000120,20140702T000000,329950.0,4,2.5,2120,4558,2.0,0,0,3,7
6838000520,20150220T000000,440000.0,2,1.75,1330,4903,1.0,0,0,3,7
9528100899,20150428T000000,827000.0,3,2.5,1850,1330,2.5,0,0,3,9
9510900360,20140509T000000,260000.0,3,2.0,1920,8075,1.0,0,0,4,7
9552701030,20140522T000000,770000.0,4,2.5,2350,8001,2.0,0,0,4,8
1622069127,20141118T000000,525000.0,5,3.25,3960,321908,2.0,0,0,4,9
7779200355,20150422T000000,950000.0,3,3.0,3610,17483,2.0,0,2,4,8
7283900185,20140604T000000,415000.0,4,2.5,2000,5962,2.0,0,0,3,8
2592400250,20150107T000000,445000.0,4,2.25,2130,7200,2.0,0,0,3,7
9828702902,20141021T000000,495000.0,2,2.25,1160,1010,2.0,0,0,3,8
3852900026,20140801T000000,,3,1.0,1870,4984,1.0,0,0,3,7
6699930360,20140722T000000,337000.0,4,2.5,2610,5240,2.0,0,0,3,8
8108600464,20140515T000000,335000.0,3,2.25,2150,30476,2.0,0,0,3,7
5366200205,20140603T000000,613000.0,3,2.5,1350,3068,2.0,0,0,3,7
9545200180,20141126T000000,575000.0,3,1.75,2270,10136,2.0,0,0,3,8
1093000090,20150416T000000,776000.0,2,2.0,1990,6180,1.0,0,0,4,7
4307350990,20150309T000000,320000.0,3,2.5,1590,3480,2.0,0,0,3,7
1926069054,20140508T000000,450000.0,3,2.0,1510,43560,1.0,0,0,3,7
806800110,20140801T000000,275000.0,3,2.5,3020,5868,2.0,0,0,3,7
224069102,20140908T000000,615000.0,3,2.0,1860,42800,1.0,0,0,4,7
669000210,20140716T000000,1165000.0,3,2.5,2670,5000,2.0,0,3,5,9
3330500920,20141030T000000,339950.0,2,1.0,800,3090,1.0,0,0,4,6
8682230590,20150426T000000,800000.0,2,2.5,2395,6143,1.0,0,0,3,8
798000421,20150327T000000,292000.0,3,1.0,1730,21183,1.0,0,0,3,7
9561100010,20141104T000000,380000.0,3,2.5,1840,6985,1.0,0,0,3,7
5700000245,20140602T000000,540000.0,4,1.75,1720,4240,1.5,0,0,4,7
98000870,20141001T000000,1059000.0,4,3.5,4460,16271,2.0,0,2,3,11
3629970240,20141103T000000,690000.0,3,2.5,2820,5001,2.0,0,0,3,9
6338000032,20140827T000000,537000.0,4,2.0,1560,7104,1.5,0,0,3,7
7941500170,20141202T000000,219000.0,3,1.0,970,7790,1.0,0,0,3,6
2122059206,20140513T000000,373000.0,5,2.5,3001,5710,2.0,0,0,3,8
7225000155,20140609T000000,290000.0,4,3.0,2390,4500,2.0,0,0,3,7
1931300412,20150416T000000,475000.0,3,2.25,1190,1200,3.0,0,0,3,8
7550800915,20150219T000000,417200.0,2,1.0,1000,4000,1.0,0,0,3,6
5101400934,20150424T000000,450000.0,2,1.0,810,4368,1.0,0,0,3,6
11501160,20140617T000000,837700.0,5,2.75,3010,12611,2.0,0,0,3,10
1775930010,20141222T000000,335000.0,3,2.75,1990,19991,1.0,0,0,3,7
826069127,20150406T000000,483000.0,3,2.25,2100,43560,1.0,0,0,4,8
9528102772,20140708T000000,438000.0,2,2.0,1270,1372,3.0,0,0,3,8
3869900138,20150223T000000,489950.0,3,2.25,1590,926,3.0,0,0,3,8
993001976,20140818T000000,344000.0,3,2.25,1250,871,3.0,0,0,3,8
1428900033,20141119T000000,576925.0,4,2.5,2630,6100,2.0,0,0,3,8
2414600195,20140721T000000,210000.0,3,1.0,1520,8600,1.0,0,0,3,6
2998800040,20140613T000000,589000.0,3,2.0,2250,8800,1.0,0,0,4,7
1251200155,20140911T000000,1000000.0,4,3.5,2990,4200,2.0,0,4,5,9
8945100320,20141008T000000,224097.0,3,1.5,1420,8580,1.0,0,0,3,6
1443500385,20140513T000000,155000.0,2,1.0,910,6232,1.0,0,0,3,6
2213000030,20140512T000000,1264000.0,,3.75,3490,9170,2.0,0,0,3,9
686201000,20141230T000000,538200.0,4,3.0,1780,7260,1.0,0,0,4,8
1473120230,20141223T000000,435000.0,4,2.5,2940,7590,2.0,0,0,3,9
7942601435,20150324T000000,835000.0,6,2.0,3560,5120,2.5,0,2,3,9
9547204350,20140519T000000,690000.0,3,2.0,1610,5100,1.5,0,0,5,8
8835770330,20140819T000000,1057000.0,2,1.5,2370,184231,2.0,0,0,3,11
6064800550,20140802T000000,247800.0,3,2.5,1580,2170,2.0,0,0,3,7
6138000095,20141118T000000,219000.0,3,1.0,1080,10639,1.5,0,0,3,7
3261020370,20140605T000000,653000.0,3,2.5,2680,9750,1.0,0,0,4,8
3226049080,20150224T000000,397000.0,2,1.0,1030,12350,1.5,0,0,3,7
5255690160,20141009T000000,439000.0,4,2.25,2240,8300,2.0,0,0,3,8
1196003740,20140924T000000,734000.0,5,4.25,4110,42755,2.0,0,2,3,10
9828201361,20141114T000000,299000.0,2,1.5,830,1276,2.0,0,0,3,7
4403200255,20140722T000000,796000.0,4,3.5,3670,4960,2.0,0,0,3,9
9352900222,20141229T000000,255000.0,3,2.25,1320,963,2.0,0,0,3,7
5054800110,20141016T000000,238000.0,5,2.25,2240,9652,2.0,0,0,3,7
98001000,20141007T000000,1025000.0,5,3.5,5050,16500,2.0,0,2,3,11
3180100023,20150130T000000,544000.0,3,2.5,1760,1755,3.5,0,0,3,8
8151600142,20150512T000000,319950.0,5,1.75,1710,11900,1.0,0,0,3,7
3644100101,20140707T000000,374000.0,2,1.5,1260,1575,2.0,0,0,3,7
4006000571,20150312T000000,183750.0,5,2.75,1650,5453,1.0,0,0,3,7
3213200180,20150505T000000,700180.0,2,1.75,1530,4387,1.0,0,0,3,8
424069096,20140731T000000,460000.0,3,1.75,1400,12155,1.0,0,0,4,7
2426039313,20150218T000000,277500.0,2,1.5,1190,1236,3.0,0,0,3,7
1732600050,20141017T000000,423500.0,3,2.0,2000,10490,1.0,0,0,3,8
2767603649,20140730T000000,520000.0,3,2.25,1210,1250,3.0,0,0,3,8
8651442060,20140611T000000,214950.0,3,1.75,1570,4875,1.0,0,0,4,7
2919700735,20150427T000000,870000.0,4,3.5,2780,3100,2.0,0,0,3,8
8813400155,20141219T000000,808000.0,8,3.75,3460,4600,2.0,0,0,3,7
1432701230,20140729T000000,309000.0,3,1.0,1280,9656,1.0,0,0,4,6
8132700150,20140503T000000,553000.0,2,1.0,900,5000,1.0,0,0,3,7
2525300550,20140603T000000,225000.0,3,1.0,1200,9936,1.0,0,0,4,6
7230100120,20150209T000000,485000.0,4,2.75,2720,51396,2.0,0,0,4,8
2724089019,20140523T000000,527550.0,1,0.75,820,59677,1.0,0,0,3,5
23500190,20141008T000000,515000.0,4,2.25,2470,7800,1.0,0,0,3,8
5062300280,20150416T000000,150000.0,3,1.0,890,6488,1.5,0,0,3,5
3303950760,20140728T000000,399900.0,4,2.5,2710,8127,2.0,0,0,3,8
3630220220,20140923T000000,775000.0,4,3.5,3060,4573,2.0,0,0,3,9
3975400085,20140624T000000,850000.0,4,3.0,3330,4000,1.0,0,0,3,8
625049281,20140521T000000,535000.0,2,1.0,1030,4841,1.0,0,0,3,7
1702901180,20140611T000000,665000.0,6,3.0,4250,4400,2.5,0,0,4,7
9477100490,20150424T000000,441500.0,3,1.75,1510,7700,1.0,0,0,3,7
9808640320,20150102T000000,1289000.0,4,3.5,3100,2261,2.0,0,2,3,9
3630120050,20140625T000000,565000.0,2,1.75,1670,4008,1.0,0,0,3,9
1826049426,20150105T000000,445000.0,4,2.75,2320,12368,1.0,0,0,3,8
125059138,20140722T000000,510000.0,6,4.5,3300,7561,2.0,0,0,3,8
2652500285,20141028T000000,817000.0,3,1.5,2310,3360,1.5,0,0,3,8
7237501380,20150507T000000,1267500.0,4,3.5,4640,13404,2.0,0,0,3,10
3880900236,20140822T000000,455000.0,2,1.5,910,966,2.0,0,0,3,8
1180000625,20141029T000000,315000.0,4,2.5,1950,3225,2.0,0,0,3,7
9238430660,20150326T000000,653000.0,3,2.25,2770,57745,2.0,0,0,3,8
8562600190,20140623T000000,550000.0,3,1.75,1840,8086,1.0,0,0,4,8
5469000100,20140806T000000,375000.0,4,2.5,1800,8432,1.0,0,0,4,7
3811000250,20140929T000000,610000.0,3,2.25,2320,38186,2.0,0,0,3,8
3210950510,20140904T000000,535000.0,3,1.0,1330,40259,1.0,0,0,4,7
2525059172,20141125T000000,664000.0,6,2.5,3190,12196,2.0,0,0,4,8
8701600510,20150414T000000,700000.0,2,,1850,4945,1.5,0,2,4,7
8078440140,20141009T000000,546500.0,3,2.5,2130,7199,2.0,0,0,3,8
3448001285,20140818T000000,442500.0,4,2.0,1540,5920,1.5,0,0,5,7
1085621960,20141212T000000,303000.0,3,2.5,2056,3564,2.0,0,0,3,7
2619920170,20141219T000000,765000.0,4,2.5,3230,4290,2.0,0,0,3,9
2064800890,20150415T000000,422500.0,3,1.0,1270,8920,1.0,0,0,5,7
8563070030,20140513T000000,645000.0,3,2.5,1740,13750,2.0,0,0,4,9
1370803730,20150126T000000,578000.0,3,1.5,1660,6000,1.5,0,0,3,7
7334401000,20150414T000000,278000.0,3,1.0,1230,9440,1.0,0,0,3,7
3626039403,20140922T000000,360000.0,3,1.5,1340,1110,2.0,0,0,3,7
7812800565,20140814T000000,289500.0,3,1.0,960,6400,1.0,0,0,4,6
4046500320,20150120T000000,342000.0,3,1.75,1660,16275,2.0,0,0,3,7
5561100431,20140806T000000,510000.0,5,2.5,2510,83231,1.0,0,0,4,7
3623029034,20150311T000000,230000.0,3,1.0,1120,32250,1.0,0,0,4,6
5255200220,20141205T000000,405000.0,3,1.75,2020,8531,1.0,0,0,3,7
2776600002,20150422T000000,520000.0,2,1.0,1120,6141,1.0,0,0,3,7
1925059073,20141010T000000,1300000.0,5,1.75,2130,19180,1.0,0,0,3,8
5710600030,20140922T000000,500000.0,4,1.75,2290,9215,1.0,0,0,5,8
2895800390,20140807T000000,359800.0,5,2.5,2170,2752,2.0,0,0,3,8
6400700189,20141017T000000,390000.0,3,1.0,1040,8075,1.0,0,0,4,7
1189000910,20140708T000000,517000.0,2,1.5,1920,3408,1.0,0,0,4,7
7611200125,20141023T000000,467000.0,2,1.5,1320,10800,1.0,0,0,4,8
8944460030,20141014T000000,325000.0,4,2.5,2963,5797,2.0,0,0,3,9
3626039207,20141017T000000,522500.0,4,1.75,2100,6480,1.0,0,0,5,7
807800020,20150304T000000,315000.0,5,3.0,2110,10766,2.0,0,0,3,7
3753000030,20140527T000000,399950.0,3,3.0,1296,1051,3.0,0,0,3,8
7750500120,20141118T000000,300000.0,3,1.0,950,4760,1.5,0,0,3,6
7138000260,20140605T000000,279950.0,3,2.0,1750,9750,1.0,0,0,3,7
5071400485,20140807T000000,637000.0,3,2.0,1980,6000,1.0,0,0,4,7
325059287,20140910T000000,810000.0,4,2.5,3340,8384,2.0,0,0,3,9
1939100610,20140623T000000,560000.0,4,2.5,2300,7989,2.0,0,0,3,9
1545803520,20150126T000000,251000.0,3,2.0,1650,7930,1.0,0,0,4,7
8682231210,20140805T000000,554000.0,2,2.0,1870,5580,1.0,0,0,3,8
7768800160,20140827T000000,1054710.0,4,3.5,4210,6481,2.0,0,3,3,9
5309100750,20150123T000000,580000.0,3,1.75,,2800,2.0,0,0,3,7
323089173,20140519T000000,429000.0,3,2.5,1920,15124,2.0,0,0,3,8
8857320070,20140917T000000,490000.0,3,2.75,1980,3128,2.0,0,0,4,9
4099500605,20150417T000000,840000.0,4,2.5,2360,9600,1.0,0,2,3,8
9510971070,20140812T000000,675000.0,3,2.5,2250,4134,2.0,0,0,3,9
1370803510,20140515T000000,790000.0,3,1.75,1790,6117,1.0,0,2,3,8
6671900130,20141216T000000,370000.0,4,2.75,2200,5207,1.0,0,0,5,7
458000065,20140923T000000,542000.0,4,2.5,2020,3440,1.5,0,0,4,7
2481630070,20150128T000000,914600.0,4,3.0,3180,80837,2.0,0,0,3,11
3578400030,20140718T000000,465000.0,4,2.25,2340,13383,1.0,0,0,3,8
818100030,20141204T000000,310000.0,4,2.5,1930,7014,2.0,0,0,3,8
8031700186,20140726T000000,,4,1.75,2700,7625,1.0,0,0,4,8
1250200415,20140609T000000,352750.0,2,1.75,1060,1241,2.0,0,0,3,7
6071200455,20140523T000000,550000.0,3,2.0,1830,9152,1.0,0,0,5,8
3931900580,20150313T000000,1389000.0,4,3.5,3130,3900,2.0,0,0,3,9
9265700045,20140624T000000,300000.0,3,1.0,2150,7007,1.0,0,0,3,6
9382200025,20150115T000000,220000.0,3,1.0,1090,6320,1.0,0,0,3,6
1324079029,20150317T000000,200000.0,3,1.0,960,213008,1.0,0,0,2,6
5021900779,20150404T000000,785000.0,3,2.0,1600,9638,1.0,0,0,5,7
8718500075,20141117T000000,396000.0,3,1.5,1300,8280,1.0,0,0,5,7
9371700125,20140528T000000,254000.0,2,1.0,1060,8187,1.0,0,0,4,6
8648100200,20141027T000000,331500.0,4,2.5,2050,10271,2.0,0,0,3,7
3390600010,20140502T000000,365000.0,3,1.0,1090,6435,1.0,0,0,4,7
510001280,20140714T000000,980000.0,4,2.0,2190,4560,2.5,0,0,5,8
2624089007,20150320T000000,1998000.0,2,2.5,3900,920423,2.0,0,0,3,12
8562710250,20140505T000000,890000.0,4,4.25,4420,5750,2.0,0,0,3,10
1972200555,20140714T000000,610000.0,3,1.75,1630,1500,3.0,0,0,3,8
2724049222,20140802T000000,163800.0,2,2.5,1000,1092,2.0,0,0,3,7
7522500005,20140815T000000,555000.0,2,1.5,1780,4750,1.0,0,0,4,7
7504100360,20150112T000000,565000.0,4,2.5,2500,12090,1.0,0,0,3,9
7203102050,20140728T000000,435000.0,3,2.5,1840,5680,2.0,0,0,3,7
4047200065,20140623T000000,400000.0,4,1.75,1700,20283,1.5,0,0,3,7
1026069172,20140618T000000,540000.0,4,2.5,2050,34222,2.0,0,0,4,8
3438500798,20140715T000000,275000.0,3,1.5,1060,6954,1.0,0,0,4,6
2391602250,20140626T000000,440000.0,4,1.5,1770,5750,2.0,0,0,3,7
322059049,20141003T000000,295000.0,2,1.0,820,288367,1.0,0,0,3,6
8850000018,20141001T000000,412000.0,3,2.5,1200,813,3.0,0,0,3,9
9545230140,20140725T000000,597750.0,4,2.5,2310,9624,2.0,0,0,3,8
3294700320,20150331T000000,325000.0,2,1.0,1070,8750,1.0,0,0,3,7
2473001210,20140916T000000,333000.0,4,1.75,1880,9880,1.0,0,0,4,8
2744000100,20140625T000000,299950.0,3,2.5,1870,7942,2.0,0,0,3,7
1126059108,20150423T000000,1200000.0,4,3.5,3930,43560,2.0,0,0,3,10
9477940390,20150109T000000,510000.0,4,2.5,3180,5405,2.0,0,0,3,7
7905400160,20150211T000000,246900.0,3,1.5,1370,9800,1.0,0,0,5,7
1068000255,20140827T000000,1650000.0,4,3.5,4285,9567,2.0,0,1,5,10
7454001210,20140603T000000,239000.0,3,1.0,1040,6860,2.0,0,0,3,6
7504400620,20150413T000000,418500.0,3,2.0,1800,12440,1.0,0,0,3,8
1432400120,20150508T000000,255000.0,3,1.0,1010,7690,1.0,0,0,4,6
7983200060,20150424T000000,230000.0,3,1.0,1250,9774,1.0,0,0,4,7
7888300340,20141124T000000,216000.0,3,1.0,1730,7950,1.0,0,0,4,7
7979900806,20150311T000000,294950.0,2,1.0,1060,7868,1.0,0,0,3,7
2206700295,20140915T000000,453000.0,3,1.0,1210,9473,1.0,0,0,5,7
3205200430,20150415T000000,423000.0,3,1.75,1100,10005,1.0,0,0,5,7
5451300105,20140720T000000,1050000.0,3,2.5,3470,12076,2.0,0,3,3,10
2877101340,20150318T000000,426000.0,2,1.0,640,2500,1.0,0,0,4,6
8146200070,20150310T000000,1700000.0,5,2.75,3810,9360,2.0,0,0,3,10
7237450190,20140806T000000,430760.0,5,2.75,2710,4685,2.0,0,0,3,8
8923600185,20140829T000000,800000.0,3,2.5,2760,9471,1.0,0,2,3,8
3629700080,20150108T000000,635000.0,3,3.0,2230,1407,2.5,0,0,3,8
425079099,20140507T000000,560000.0,3,3.0,4120,60392,2.0,0,2,3,9
5637200450,20141017T000000,257000.0,5,2.75,2930,10148,2.0,0,0,3,9
686450490,20140929T000000,555000.0,3,2.0,2240,11250,1.0,0,0,3,8
8001450170,20140804T000000,274950.0,3,1.75,1840,16679,1.0,0,0,3,8
3630010020,20141229T000000,376000.0,3,2.0,1540,1827,2.0,0,0,3,8
3878900270,20150429T000000,466000.0,4,2.0,2240,4508,1.0,0,2,4,8
7282900025,20140506T000000,250000.0,3,1.0,1050,6874,1.0,0,0,3,6
8647600020,20141111T000000,749950.0,4,2.5,3340,123600,2.0,0,0,3,10
9523100731,20140930T000000,580000.0,3,2.5,1620,1171,3.0,0,4,3,8
3461000120,20150430T000000,450000.0,4,1.75,1740,12204,1.0,0,0,3,7
6645900010,20141120T000000,1470000.0,4,2.5,3030,10189,1.0,0,0,3,9
3126059027,20150318T000000,2650000.0,4,3.5,4700,13730,2.0,0,3,3,11
8691370330,20141029T000000,695000.0,4,2.75,2660,7389,2.0,0,0,3,9
476000333,20140827T000000,418000.0,3,2.0,1250,1306,3.0,0,0,3,7
4302200695,20140828T000000,270000.0,2,1.0,1000,10320,1.0,0,0,3,6
192450300,20140919T000000,309950.0,3,1.5,1200,15606,1.0,0,0,3,7
1972201161,20150323T000000,435000.0,1,1.0,670,1800,1.0,0,0,5,6
7203160190,20141029T000000,950000.0,5,4.0,4100,8120,2.0,0,0,3,9
1732800310,20150302T000000,2000000.0,4,3.75,2870,4500,2.0,0,3,3,10
2193340140,20140814T000000,540000.0,4,2.5,1850,7850,2.0,0,0,3,8
182000350,20150325T000000,287500.0,5,2.0,2020,67953,1.5,0,0,4,7
1310980070,20150224T000000,290000.0,3,2.25,1880,7488,2.0,0,0,3,8
9412200330,20150410T000000,427500.0,3,1.75,1430,16200,1.0,0,0,4,7
7856620910,20150414T000000,627500.0,4,2.5,2540,11500,1.0,0,0,4,8
1685200190,20150115T000000,203000.0,3,1.75,1610,9000,1.0,0,0,4,7
8588000315,20140624T000000,225000.0,3,1.75,1330,13102,1.0,0,0,3,7
9541800065,20140609T000000,625000.0,3,1.75,2210,16200,1.0,0,0,3,8
3459700340,20141030T000000,537250.0,4,2.5,2590,9530,1.0,0,0,4,8
170000215,20150324T000000,752500.0,5,2.75,2720,4680,1.5,0,0,4,8
8029510010,20141030T000000,299250.0,3,2.5,2530,8669,2.0,0,0,3,9
3904900230,20140716T000000,520000.0,3,2.25,1850,10855,1.0,0,0,3,8
8700120270,20141210T000000,278000.0,4,2.5,1850,6037,2.0,0,0,3,7
6305900350,20150422T000000,449950.0,4,3.0,3290,10783,2.0,0,0,3,9
1624079088,20140811T000000,415000.0,3,2.75,3900,111514,2.0,0,0,3,6
2491200675,20140912T000000,500000.0,3,2.0,1550,6394,1.5,0,0,5,8
5727500561,20150414T000000,255544.0,3,1.0,1360,6186,1.5,0,0,4,6
5072300210,20140624T000000,440000.0,3,1.75,2000,9900,1.0,0,2,4,8
3121500340,20140712T000000,690000.0,4,2.5,2900,23488,2.0,0,0,3,9
7203180070,20140919T000000,795000.0,4,3.25,3520,5250,2.0,0,0,3,9
9550202700,20141211T000000,460000.0,2,1.75,1390,4160,1.0,0,0,5,6
3885802134,20150109T000000,880000.0,4,2.5,2580,3436,2.0,0,0,3,8
2314300170,20141104T000000,405000.0,4,2.5,2090,6667,2.0,0,0,3,8
4027700930,20150428T000000,330000.0,5,1.75,2100,7347,1.0,0,0,3,7
7767400060,20141119T000000,465000.0,4,2.5,2300,7314,1.0,0,0,4,8
3024059044,20140909T000000,990000.0,3,1.75,1810,24586,1.0,0,4,4,9
9508850120,20140627T000000,602000.0,4,1.75,2420,37800,1.0,0,0,4,8
6141100065,20141218T000000,420000.0,3,1.0,1790,7055,1.0,0,0,5,8
2204500550,20140717T000000,425000.0,4,1.0,1800,12485,1.0,0,0,5,7
3026079005,20141017T000000,640000.0,6,2.0,2840,228690,1.5,0,0,3,6
3426059070,20140909T000000,570000.0,3,1.75,2910,37461,1.0,0,0,4,7
7856601110,20150325T000000,945800.0,4,2.75,3360,9100,1.0,0,0,4,8
3157600325,20140620T000000,390000.0,3,1.0,1160,3750,1.5,0,0,3,7
8079010310,20140611T000000,464000.0,4,2.5,2180,7203,2.0,0,0,4,8
6300500275,20140807T000000,350000.0,3,1.0,1390,4820,1.0,0,0,4,7
9259900025,20140714T000000,430000.0,3,2.5,1440,7320,1.0,0,0,5,7
1025079086,20140820T000000,365000.0,2,1.0,960,223898,1.0,0,0,3,6
1854750090,20140716T000000,1225000.0,3,3.5,3680,11491,2.0,0,2,3,11
2781230230,20150204T000000,395000.0,4,3.0,2750,7965,2.0,0,0,3,9
7203220370,20150320T000000,963990.0,4,3.5,3915,6364,2.0,0,0,3,9
1498302774,20140520T000000,271310.0,2,1.0,870,5340,1.5,0,0,2,6
3416600490,20140731T000000,675000.0,3,2.25,1780,4252,2.0,0,0,4,8
6181400470,20150127T000000,215000.0,4,2.5,2130,4496,2.0,0,0,3,7
251500080,20140826T000000,3204000.0,4,4.0,4810,18851,2.0,0,3,3,11
125039021,20140924T000000,575000.0,2,1.0,1230,2726,1.5,0,0,3,7
4067600160,20150402T000000,902500.0,3,3.5,3240,23522,2.0,0,0,3,10
9393700140,20150310T000000,420000.0,3,1.0,1150,5120,1.0,0,0,4,6
4188300180,20141112T000000,650000.0,3,2.5,2870,7288,2.0,0,0,3,9
7228501805,20140924T000000,739000.0,6,4.5,4000,7500,2.0,0,0,3,7
3905100070,20150203T000000,467000.0,3,2.5,1530,3984,2.0,0,0,3,8
7984400005,20140626T000000,253500.0,3,1.0,1640,12384,1.0,0,0,4,7
2201501015,20140502T000000,430000.0,4,1.5,1920,10000,1.0,0,0,4,7
4167960330,20150109T000000,270000.0,3,2.0,1820,7750,1.0,0,0,3,8
1115800110,20150109T000000,524000.0,,1.5,1310,9471,1.0,0,0,4,8
4321200580,20150125T000000,575000.0,3,2.5,1760,2320,2.0,0,2,3,8
4077800376,20140701T000000,600000.0,5,2.25,2980,7781,1.0,0,0,3,9
151000075,20150206T000000,856000.0,3,2.5,2160,3920,2.0,0,0,3,9
3861440010,20140715T000000,302000.0,4,2.75,2030,9120,1.0,0,0,4,7
3755000060,20140930T000000,315500.0,3,1.0,1160,10500,1.0,0,0,4,7
7851980260,20140730T000000,1110000.0,5,3.5,7350,12231,2.0,0,4,3,11
3425059173,20141028T000000,865000.0,4,4.0,2790,16117,2.0,0,0,4,9
1732800820,20140619T000000,1325000.0,4,2.5,2440,3600,2.5,0,0,4,8
6430500238,20141216T000000,651500.0,4,1.5,1500,3075,2.0,0,0,5,7
7222000244,20150223T000000,300000.0,3,3.0,2850,9375,1.0,0,0,3,8
4025300360,20150326T000000,349500.0,3,2.0,1130,16875,1.0,0,0,4,7
1138020200,20140903T000000,435000.0,4,1.5,1510,6460,1.0,0,0,3,7
7689600630,20141106T000000,216500.0,2,1.0,710,6960,1.0,0,0,4,6
8121200810,20150505T000000,585000.0,4,1.75,2430,7559,1.0,0,0,4,8
1312900180,20150325T000000,225000.0,3,1.0,1250,7820,1.0,0,0,3,7
3182100105,20141209T000000,592500.0,3,2.0,1170,6750,1.0,0,0,5,7
8818900250,20140507T000000,530000.0,3,1.0,1340,4284,1.0,0,0,3,7
1604600790,20150211T000000,316000.0,2,2.0,860,3000,1.0,0,0,3,6
3678900110,20140610T000000,403000.0,2,1.0,1100,3598,1.0,0,0,4,7
1898600050,20140722T000000,257500.0,4,1.5,1360,9323,1.0,0,0,4,7
6848200221,20140902T000000,635000.0,3,3.5,1730,1349,3.0,0,0,3,9
1176001123,20150206T000000,599950.0,3,2.5,1510,1493,3.0,0,0,3,8
11520030,20140624T000000,640000.0,4,2.5,2341,9594,2.0,0,0,3,9
3024089049,20140609T000000,280000.0,2,1.75,1610,158558,1.5,0,0,2,6
7203102080,20141217T000000,305000.0,2,1.0,1290,3140,2.0,0,0,3,7
7744500020,20140826T000000,,2,2.0,1390,12530,1.0,0,0,3,8
3885802970,20141203T000000,827500.0,3,2.5,1810,7200,1.0,0,0,5,7
7215721330,20141023T000000,485000.0,3,2.5,1650,4218,2.0,0,0,3,8
3876000120,20150304T000000,390000.0,5,1.75,2250,8970,1.0,0,0,4,7
8964800050,20150304T000000,1770000.0,3,2.5,2580,14603,1.0,0,2,4,9
3288100290,20150507T000000,605000.0,3,2.75,3230,9576,1.5,0,0,4,8
6139100086,20150224T000000,350000.0,3,1.0,1540,9800,1.0,0,0,4,7
9144100035,20150324T000000,350000.0,3,1.0,1680,8010,1.0,0,0,3,7
1796380960,20141126T000000,223000.0,3,2.0,1670,6824,1.0,0,0,3,7
6738700075,20140626T000000,755000.0,4,2.75,2880,4000,1.5,0,0,3,9
3124049196,20141107T000000,330000.0,4,1.5,2500,9448,1.0,0,0,4,7
3579700100,20140527T000000,389000.0,5,2.0,2330,10750,1.0,0,0,4,7
8901000585,20150401T000000,525000.0,4,1.75,1600,7400,1.0,0,0,3,7
9211500150,20150117T000000,235000.0,3,1.75,1480,6592,1.0,0,0,4,7
1099760230,20150107T000000,291000.0,3,2.25,1480,7200,1.0,0,0,3,7
7702600930,20140804T000000,400000.0,3,2.0,1860,12944,1.0,0,0,3,9
5100403321,20150318T000000,438000.0,2,1.0,1120,6380,1.0,0,0,3,7
1423800380,20150312T000000,309950.0,4,1.75,1450,10074,1.0,0,0,4,7
3276930400,20141022T000000,625000.0,4,2.25,2220,36085,2.0,0,0,3,9
2215500205,20140505T000000,600000.0,3,1.75,1880,6360,1.0,0,0,4,7
1423900580,20140625T000000,280000.0,3,1.75,1230,8250,1.0,0,0,3,7
9541600295,20150424T000000,1110000.0,4,2.5,2990,8640,1.0,0,0,5,8
7977201845,20140514T000000,525000.0,3,1.75,1600,6120,1.5,0,0,3,7
1939120050,20150303T000000,638250.0,4,2.5,2460,8029,2.0,0,0,3,9
3579800485,20150218T000000,394900.0,3,1.0,1430,13370,1.0,0,0,3,7
9831200221,20140710T000000,670000.0,3,2.5,1420,1438,2.0,0,0,3,9
7004200060,20141017T000000,309600.0,4,1.75,1275,20000,1.0,0,0,4,6
1720069029,20150313T000000,349990.0,3,1.0,1350,165092,1.0,0,3,5,6
8035600290,20150413T000000,372000.0,4,2.5,2500,8215,2.0,0,0,3,8
301400800,20141016T000000,261000.0,3,2.25,1584,2800,2.0,0,0,3,7
7857003046,20150506T000000,460000.0,5,3.0,2008,5050,1.0,0,0,3,7
3971702325,20141103T000000,244000.0,3,2.5,1470,9337,2.0,0,0,3,7
4307350730,20141113T000000,506000.0,5,3.75,3880,8370,2.0,0,0,4,7
3277801586,20150508T000000,380000.0,3,2.25,1520,1464,2.0,0,0,3,8
2459970020,20141124T000000,360000.0,4,2.5,1950,5451,2.0,0,0,3,7
9274200318,20150410T000000,568000.0,3,2.5,1740,1308,3.0,0,0,3,8
2524049250,20140921T000000,1180000.0,5,2.25,3270,16553,2.0,0,2,5,9
7207900050,20140808T000000,424950.0,5,3.5,2760,3846,2.5,0,0,3,8
8078570380,20140605T000000,292000.0,5,2.5,2490,7666,1.0,0,0,4,7
1566100595,20140514T000000,300000.0,3,1.0,1260,8280,1.0,0,0,3,6
4038800580,20140604T000000,565000.0,5,2.5,2650,11455,1.0,0,0,3,7
6868200060,20141211T000000,565000.0,3,2.25,2560,8040,1.0,0,0,3,8
923049440,20140717T000000,312000.0,5,4.0,2900,9779,2.0,0,0,4,7
7568700480,20150323T000000,153000.0,2,1.0,1140,10152,1.0,0,0,3,6
1331900410,20140620T000000,869000.0,4,3.0,3740,30884,2.0,0,0,3,9
2172000846,20140619T000000,248000.0,4,2.0,2080,13510,1.0,0,0,3,7
6752500090,20150127T000000,1835000.0,4,3.5,4870,39190,2.0,0,0,3,12
1760650670,20140812T000000,270000.0,3,2.25,1400,3825,2.0,0,0,3,7
2919702040,20140612T000000,599000.0,5,2.75,2820,4608,1.0,0,0,3,7
7504110330,20150128T000000,691000.0,4,3.0,3040,11651,2.0,0,0,3,10
1623300055,20150323T000000,823000.0,5,1.75,2640,7722,1.5,0,0,4,7
2205500355,20141021T000000,455000.0,3,1.75,1700,8360,1.0,0,0,4,7
6303401365,20140603T000000,210000.0,3,1.0,1110,7962,1.0,0,0,3,7
2768100512,20150422T000000,659000.0,2,2.5,1450,1213,2.0,0,0,3,9
3225069065,20140624T000000,3075000.0,4,5.0,4550,18641,1.0,1,4,3,10
3629830250,20141222T000000,637500.0,4,3.0,2320,4468,2.0,0,0,3,8
7504020970,20150421T000000,660000.0,4,2.25,3180,13653,2.0,0,0,3,9
9551202025,20140625T000000,800000.0,2,1.0,1740,5719,1.0,0,0,3,8
4166600610,20150514T000000,335000.0,3,2.0,1410,44866,1.0,0,0,4,7
1105000011,20141209T000000,367777.0,5,3.0,2140,5937,1.0,0,0,3,7
9407102360,20140616T000000,309212.0,3,1.75,1150,9600,1.0,0,0,3,7
424069112,20140616T000000,999000.0,4,2.75,2800,19168,2.0,0,0,3,10
514500090,20140513T000000,550000.0,4,2.0,2250,7500,1.0,0,0,5,7
579003240,20140925T000000,720000.0,4,2.25,2530,5200,1.0,0,1,4,8
5249800345,20140619T000000,590300.0,3,1.5,1470,7200,2.0,0,0,4,7
826000480,20140826T000000,448500.0,3,1.75,1300,4800,2.0,0,1,4,7
9521100880,20140916T000000,588000.0,3,1.5,1780,4200,1.5,0,0,4,8
7202310010,20141020T000000,597500.0,3,2.5,2620,4800,2.0,0,0,3,7
2459500070,20141222T000000,278000.0,3,2.25,1590,9425,1.0,0,0,3,7
7319900345,20140825T000000,438500.0,3,2.0,1490,3072,1.0,0,0,5,7
2254502071,20140523T000000,375000.0,2,2.5,750,1430,2.0,0,0,3,8
2124049229,20150302T000000,469000.0,4,2.5,2240,5624,1.0,0,0,3,7
5126400150,20140617T000000,239950.0,3,1.0,1140,8366,1.0,0,0,5,6
7857003505,20140909T000000,437000.0,5,2.0,2190,8316,1.0,0,0,3,7
8820901275,20140610T000000,571000.0,4,2.0,2750,7807,1.5,0,0,5,7
7732400490,20141105T000000,732350.0,4,2.5,2270,7665,2.0,0,0,3,9
2817260130,20140613T000000,622500.0,,2.75,3320,23760,2.0,0,0,4,8
1545805460,20150204T000000,252000.0,3,2.0,1370,7500,1.0,0,0,3,7
7167000040,20150305T000000,700000.0,4,3.0,3350,199253,2.0,0,0,3,10
2937300050,20150227T000000,988990.0,4,4.75,4150,6303,3.0,0,0,3,9
8091670200,20141022T000000,408000.0,3,2.75,2670,4800,2.0,0,0,3,8
8682292090,20140709T000000,737000.0,2,2.25,2290,9772,1.0,0,0,3,8
98300230,20150428T000000,1459000.0,4,4.0,4620,130208,2.0,0,0,3,10
9550202140,20141117T000000,1311000.0,4,3.75,3490,5625,2.0,,0,3,9
1771000430,20140502T000000,315000.0,3,1.0,1160,9180,1.0,0,0,3,7
