price,bedrooms,bathrooms,sqft_living,sqft_lot,floors,waterfront,view,condition,grade,sqft_above,sqft_basement,yr_renovated,lat,long,sqft_living15,sqft_lot15,year_sold,month_sold,age_of_building,zipcode
345000.0,3.0,2.5,1680.0,2229.0,2.0,0,0,3.0,7,1680,0.0,0,47.7484,-122.322,1230.0,9300,2014,06,16.0,98155
1500000.0,5.0,3.5,4370.0,12240.0,2.0,0,0,3.0,11,3270,1100.0,0,47.582,-122.199,2980.0,12800,2014,08,33.0,98004
240000.0,4.0,2.5,1980.0,7264.0,2.0,0,0,3.0,7,1980,0.0,0,47.3678,-122.019,1600.0,6380,2014,12,27.0,98038
625000.0,3.0,2.5,2120.0,10021.0,1.0,0,0,4.0,8,1230,890.0,0,47.5621,-122.135,2690.0,10183,2015,04,47.0,98006
472500.0,3.0,2.5,1650.0,3711.0,2.0,0,0,3.0,8,1650,0.0,0,47.6863,-122.093,1760.0,3762,2014,09,27.0,98052
205000.0,4.0,1.0,1030.0,6621.0,1.0,0,0,4.0,6,1030,0.0,0,47.4857,-122.221,1420.0,6631,2014,12,68.0,98057
279000.0,3.0,1.0,1110.0,6060.0,1.0,0,0,3.0,6,1110,0.0,0,47.4705,-122.352,1480.0,8100,2015,02,74.0,98166
549000.0,,2.5,1710.0,9720.0,2.0,0,0,4.0,8,1710,0.0,0,47.5903,-122.157,2270.0,9672,2014,08,49.0,98005
1575000.0,3.0,3.0,2610.0,22672.0,1.5,1,4,4.0,8,2610,0.0,0,47.4414,-122.354,2810.0,22672,2014,11,71.0,98166
365000.0,3.0,2.5,2190.0,5091.0,,0,0,3.0,8,2190,0.0,0,47.3506,-122.039,2200.0,5948,2014,08,19.0,98038
250000.0,3.0,1.5,2840.0,10182.0,1.0,0,0,3.0,8,1510,1330.0,0,47.524,-122.2,2210.0,9669,2015,01,72.0,98056
1345000.0,4.0,3.25,3440.0,4920.0,2.0,0,4,3.0,10,2520,920.0,0,47.5727,-122.409,2350.0,5166,2015,03,9.0,98116
515000.0,4.0,1.75,1730.0,7980.0,1.0,0,0,4.0,8,1730,0.0,0,47.6219,-122.138,2080.0,8400,2014,09,58.0,98007
179900.0,3.0,1.75,1230.0,12000.0,1.0,0,0,3.0,6,1230,0.0,0,47.2878,-122.251,1550.0,12000,2014,09,53.0,98001
215000.0,3.0,1.5,1410.0,8415.0,1.0,0,0,4.0,7,780,630.0,0,47.2914,-122.368,1440.0,7361,2015,03,41.0,98023
445000.0,4.0,2.5,2360.0,81892.0,1.0,0,0,3.0,8,2360,0.0,0,47.369,-122.156,1730.0,18096,2014,09,23.0,98042
1928000.0,4.0,3.25,4280.0,20296.0,2.0,0,0,4.0,11,4280,0.0,0,47.6377,-122.212,3420.0,16351,2014,10,39.0,98004
589950.0,4.0,2.5,3190.0,8195.0,2.0,0,0,3.0,10,3190,0.0,0,47.3555,-122.003,3400.0,7607,2014,06,17.0,98038
300000.0,3.0,2.0,1451.0,7159.0,1.0,0,0,3.0,7,1451,0.0,0,47.3754,-122.163,2303.0,6126,2015,03,13.0,98042
484950.0,3.0,2.25,1670.0,5004.0,2.0,0,0,3.0,8,1670,0.0,0,47.5688,-122.017,1850.0,5276,2015,02,36.0,98075
224000.0,4.0,1.5,1600.0,9289.0,1.0,0,0,4.0,7,1600,0.0,0,47.3107,-122.212,1540.0,9918,2014,06,64.0,98002
299900.0,3.0,2.5,1210.0,2046.0,2.0,0,0,3.0,9,920,290.0,0,47.5212,-122.357,1070.0,651,2014,10,15.0,98106
350000.0,4.0,2.75,3390.0,16153.0,1.0,0,0,4.0,7,1970,1420.0,0,47.3954,-122.184,2530.0,8495,2014,10,62.0,98031
142000.0,0.0,0.0,290.0,20875.0,1.0,0,0,1.0,1,290,0.0,0,47.5308,-121.888,1620.0,22850,2014,09,60.0,98024
294000.0,2.0,1.0,820.0,6366.0,1.0,0,0,5.0,6,820,0.0,0,47.7512,-122.34,1580.0,10169,2014,07,71.0,98133
,2.0,1.0,830.0,5720.0,1.0,0,0,4.0,6,830,0.0,0,47.7339,-122.339,1150.0,5250,2014,10,73.0,98133
305000.0,3.0,,2110.0,7665.0,1.0,0,0,4.0,7,1360,750.0,0,47.3082,-122.372,1660.0,8436,2014,06,50.0,98023
275000.0,3.0,2.5,1730.0,5799.0,2.0,0,0,4.0,7,1730,0.0,0,47.3499,-122.177,1710.0,6490,2014,09,36.0,98030
337000.0,3.0,1.75,1310.0,12750.0,1.0,0,0,3.0,7,1310,0.0,0,47.4695,-122.07,1790.0,13500,2014,06,30.0,98059
426000.0,3.0,2.5,2210.0,5750.0,2.0,0,0,3.0,7,1710,500.0,1,47.5525,-122.366,1350.0,5750,2015,04,109.0,98106
115000.0,,1.0,1000.0,16524.0,1.0,0,0,3.0,5,1000,0.0,0,47.2841,-122.255,1350.0,10208,2014,12,,98001
149000.0,3.0,1.0,1090.0,2800.0,1.0,0,0,3.0,6,1090,0.0,0,47.3162,-122.183,1040.0,2960,2014,09,54.0,98092
375000.0,3.0,2.0,2240.0,5200.0,1.0,0,0,3.0,7,1630,610.0,0,47.6191,-122.296,1470.0,3775,2015,02,69.0,98122
657500.0,4.0,1.5,1910.0,5000.0,1.5,0,0,3.0,7,1610,300.0,0,47.6597,-122.29,2170.0,5000,2014,09,111.0,98105
595000.0,4.0,1.75,1880.0,4080.0,1.0,0,0,3.0,7,940,940.0,0,47.6754,-122.327,1410.0,4080,2015,03,99.0,98115
453000.0,4.0,2.5,2502.0,8306.0,2.0,0,0,3.0,9,2502,0.0,0,47.2953,-122.265,2597.0,6983,2015,03,10.0,98001
414000.0,2.0,1.0,800.0,5000.0,1.0,0,0,3.0,6,800,0.0,0,47.4914,-122.204,1220.0,5000,2015,04,85.0,98057
330000.0,4.0,2.5,1940.0,3784.0,2.0,0,0,3.0,8,1940,0.0,0,47.4513,-122.119,1940.0,4499,2014,05,20.0,98058
313500.0,2.0,1.5,1270.0,1282.0,2.0,0,0,3.0,8,1000,270.0,0,47.5581,-122.363,1270.0,1325,2015,04,17.0,98106
671000.0,4.0,2.75,1890.0,1475.0,2.0,0,0,3.0,9,1200,690.0,0,47.6472,-122.383,1650.0,1682,2015,04,8.0,98199
235000.0,3.0,1.0,1430.0,7599.0,1.5,0,0,4.0,6,1010,,0,47.4783,-122.265,1290.0,10320,2015,04,93.0,98168
774950.0,4.0,2.5,3410.0,179419.0,2.0,0,0,3.0,10,3410,0.0,0,47.3602,-121.986,3350.0,175421,2014,11,19.0,98051
219950.0,3.0,1.0,1020.0,4960.0,1.5,0,0,3.0,6,920,100.0,0,47.5328,-122.275,1230.0,7335,2015,02,97.0,98118
620000.0,5.0,1.75,2000.0,8713.0,1.0,0,2,3.0,7,1000,1000.0,0,47.5882,-122.117,2040.0,8449,2015,03,61.0,98008
,2.0,1.0,750.0,4515.0,1.0,0,0,3.0,6,750,0.0,0,47.5198,-122.351,1020.0,5000,2014,08,81.0,98106
760000.0,4.0,1.75,2450.0,13300.0,1.0,0,2,4.0,9,1630,820.0,0,47.5564,-122.13,3150.0,15500,2014,05,36.0,98006
540000.0,6.0,3.0,2870.0,206474.0,2.0,0,0,3.0,7,2330,540.0,1,47.401,-122.095,2380.0,59677,2014,12,63.0,98042
232000.0,2.0,1.0,1240.0,12092.0,1.0,0,0,3.0,6,960,280.0,1,47.4957,-122.352,1820.0,7460,2014,09,101.0,98146
730000.0,3.0,3.5,2440.0,3502.0,2.0,0,0,3.0,7,1970,470.0,0,47.589,-122.165,2440.0,3417,2015,04,23.0,98005
235000.0,2.0,2.25,1660.0,2748.0,2.0,0,0,3.0,7,1660,0.0,0,47.4333,-122.212,1620.0,3167,2014,12,28.0,98055
400000.0,4.0,1.5,2150.0,11026.0,1.0,0,0,4.0,7,2150,0.0,0,47.7635,-122.263,1760.0,10283,2014,09,71.0,98028
475000.0,3.0,2.5,2160.0,35912.0,2.0,0,0,3.0,8,2160,0.0,0,47.7273,-122.083,2230.0,35244,2014,08,41.0,98072
464500.0,4.0,2.5,1750.0,11381.0,1.0,0,0,4.0,7,1610,140.0,0,47.7425,-122.321,1080.0,11375,2014,08,76.0,98155
604700.0,4.0,2.75,2750.0,14982.0,1.0,0,3,3.0,9,1720,1030.0,0,47.3566,-122.32,2860.0,16344,2014,05,42.0,98198
1120000.0,5.0,1.5,2540.0,6660.0,2.0,0,3,4.0,8,2340,200.0,0,47.5144,-122.393,2460.0,9000,2014,06,69.0,98136
615000.0,4.0,1.5,1980.0,3240.0,1.5,0,0,4.0,8,1780,200.0,0,47.584,-122.294,2250.0,4000,2015,04,93.0,98144
360000.0,3.0,2.5,2150.0,14092.0,2.0,0,0,3.0,8,2150,0.0,0,47.4621,-122.129,2400.0,10699,2015,05,32.0,98058
368000.0,3.0,2.5,2080.0,4307.0,2.0,0,0,3.0,7,2080,0.0,0,47.53,-121.848,2080.0,4947,2014,09,19.0,98065
489000.0,2.0,2.25,1290.0,1334.0,3.0,0,0,3.0,8,1290,0.0,0,47.6719,-122.382,1350.0,1334,2015,01,16.0,98107
459000.0,4.0,2.75,2790.0,6600.0,2.0,0,0,3.0,9,2790,0.0,0,47.4362,-122.109,2900.0,6752,2014,10,23.0,98058
254950.0,3.0,2.5,1794.0,4769.0,2.0,0,0,3.0,7,1794,0.0,0,47.3052,-122.283,3557.0,4807,2014,09,18.0,98001
200000.0,5.0,1.75,1770.0,15525.0,1.0,0,0,4.0,7,1770,0.0,0,47.5025,-122.142,1370.0,10395,2014,08,64.0,98059
1450000.0,,3.0,4380.0,6320.0,2.0,0,3,5.0,10,3580,800.0,0,47.6452,-122.411,3080.0,7680,2014,10,71.0,98199
411000.0,3.0,1.75,1490.0,9844.0,1.0,0,0,4.0,7,1190,300.0,0,47.7626,-122.297,1840.0,10150,2014,07,64.0,98155
315000.0,5.0,1.75,2320.0,8100.0,1.0,0,0,4.0,7,1160,1160.0,0,47.4631,-122.341,1410.0,7271,2014,05,67.0,98166
468000.0,4.0,2.5,2150.0,8165.0,1.0,0,0,3.0,8,1430,720.0,0,47.773,-122.371,2360.0,7980,2015,02,66.0,98177
465000.0,3.0,2.25,1970.0,11088.0,1.0,0,0,4.0,8,1180,790.0,0,47.7651,-122.277,1970.0,10470,2014,05,56.0,98155
454900.0,3.0,1.75,2130.0,9775.0,1.0,0,0,4.0,8,1430,700.0,0,47.5326,-122.049,2130.0,11250,2015,02,50.0,98027
325000.0,4.0,1.5,1870.0,7220.0,2.0,0,0,3.0,7,1870,0.0,0,47.77,-122.319,1550.0,7592,2014,08,67.0,98155
237500.0,2.0,1.0,810.0,8494.0,1.0,0,0,3.0,6,810,0.0,0,47.7389,-122.324,1050.0,7975,2014,09,74.0,98155
650000.0,4.0,2.75,1910.0,16532.0,1.0,0,0,4.0,7,1420,490.0,0,47.6952,-122.39,2300.0,8250,2014,06,83.0,98117
490000.0,3.0,2.5,2080.0,12032.0,2.0,0,0,3.0,8,2080,0.0,0,47.7455,-122.073,2320.0,9900,2015,02,45.0,98077
400000.0,2.0,1.0,880.0,5111.0,1.0,0,0,3.0,6,880,0.0,0,47.6997,-122.314,1370.0,5111,2014,12,92.0,98115
2160000.0,3.0,3.5,3080.0,6495.0,2.0,0,3,3.0,11,2530,550.0,1,47.6321,-122.393,4120.0,8620,2014,08,27.0,98199
305000.0,3.0,2.5,1714.0,3240.0,2.0,0,0,3.0,8,1714,0.0,0,47.4288,-122.19,1714.0,3240,2015,04,18.0,98031
355000.0,2.0,1.0,1350.0,368517.0,1.0,0,0,3.0,6,1350,0.0,0,47.7617,-122.061,2330.0,104108,2014,10,76.0,98077
325000.0,3.0,1.5,1590.0,7936.0,1.0,0,0,3.0,7,1590,0.0,0,47.5201,-122.366,1590.0,7936,2015,03,67.0,98106
160000.0,2.0,1.0,830.0,4500.0,1.0,0,0,3.0,6,830,0.0,0,47.5248,-122.265,1092.0,5350,2014,11,103.0,98118
1191000.0,5.0,2.5,2710.0,14989.0,1.0,0,0,3.0,8,1720,990.0,0,47.6411,-122.207,3180.0,16624,2015,02,64.0,98004
432000.0,3.0,1.75,1470.0,6250.0,1.0,0,3,4.0,7,1070,400.0,0,47.7394,-122.288,2630.0,7050,2014,06,84.0,98155
382000.0,4.0,3.5,2530.0,3000.0,2.0,0,0,3.0,8,1850,680.0,0,47.4919,-122.336,1470.0,6000,2014,08,9.0,98146
449950.0,4.0,2.5,2420.0,5244.0,2.0,0,0,3.0,9,2420,0.0,0,47.4729,-122.35,1400.0,5250,2015,03,16.0,98166
1265000.0,3.0,1.75,2240.0,5657.0,1.5,0,2,4.0,8,1910,330.0,0,47.6621,-122.27,2970.0,5657,2015,02,82.0,98105
,4.0,2.5,2570.0,4412.0,2.0,0,0,3.0,9,2570,0.0,0,47.7076,-122.232,2460.0,5470,2014,10,22.0,98034
312620.0,3.0,2.5,1260.0,11877.0,1.0,0,0,3.0,7,1260,0.0,0,47.4442,-121.762,1430.0,9790,2014,11,48.0,98045
274900.0,3.0,2.0,1936.0,6612.0,2.0,0,0,3.0,7,1936,0.0,0,47.2602,-122.246,1620.0,21600,2014,10,9.0,98047
510000.0,6.0,4.5,3300.0,7480.0,2.0,0,0,3.0,8,3300,0.0,0,47.6796,-122.104,2470.0,7561,2014,07,43.0,98052
330000.0,4.0,2.0,1750.0,5202.0,1.0,0,1,4.0,6,1070,680.0,0,47.5677,-122.317,2090.0,5400,2014,12,81.0,98108
475000.0,5.0,2.75,3080.0,6600.0,2.0,0,0,3.0,9,3080,0.0,0,47.4501,-122.122,3080.0,6600,2015,03,21.0,98058
475000.0,3.0,1.75,1330.0,14560.0,1.0,0,0,3.0,7,1330,0.0,0,47.6599,-122.135,1510.0,9890,2014,12,40.0,98052
319950.0,3.0,2.5,1980.0,9907.0,2.0,0,0,3.0,8,1980,0.0,0,47.1903,-122.013,2050.0,9907,2014,09,32.0,98022
166600.0,3.0,1.75,1150.0,8690.0,1.0,0,0,4.0,7,1150,0.0,0,47.3729,-122.115,1330.0,7040,2014,11,46.0,98042
420000.0,3.0,2.5,1470.0,1445.0,2.0,0,0,3.0,8,1160,310.0,0,47.5468,-121.998,1470.0,1525,2015,05,18.0,98029
251000.0,3.0,1.5,1590.0,21600.0,1.5,0,0,4.0,7,1590,0.0,0,47.2159,-121.966,1780.0,21600,2015,04,52.0,98022
719000.0,3.0,2.5,1690.0,4500.0,1.5,0,1,4.0,8,1690,0.0,0,47.5841,-122.383,2140.0,7200,2014,05,95.0,98116
350000.0,2.0,1.75,1080.0,7242.0,2.0,0,0,4.0,7,1080,0.0,0,47.7065,-122.235,1800.0,7321,2014,07,39.0,98034
815241.0,5.0,2.25,2060.0,4800.0,2.5,0,0,3.0,8,2060,0.0,0,47.66,-122.282,1740.0,4800,2014,09,116.0,98105
630000.0,4.0,2.0,2480.0,3680.0,1.5,0,0,4.0,7,1470,1010.0,0,47.5686,-122.392,1500.0,5750,2015,04,107.0,98116
583000.0,4.0,2.5,3390.0,10519.0,2.0,0,2,3.0,10,3390,0.0,0,47.332,-122.334,2830.0,10519,2015,01,33.0,98003
772650.0,4.0,2.5,2660.0,10800.0,1.0,0,0,3.0,7,2660,0.0,1,47.5894,-122.172,2640.0,10800,2014,06,68.0,98005
1335000.0,5.0,2.25,4200.0,5800.0,2.5,0,0,4.0,9,2910,1290.0,0,47.6284,-122.312,3060.0,5800,2014,06,117.0,98112
,4.0,2.5,3490.0,9030.0,1.5,0,0,4.0,8,3490,0.0,0,47.3198,-122.386,2540.0,8400,2014,08,54.0,98023
500000.0,3.0,2.25,1700.0,9008.0,1.0,0,0,3.0,8,1340,360.0,0,47.7161,-122.317,2340.0,8003,2015,04,38.0,98125
390000.0,4.0,2.25,1770.0,33132.0,1.0,0,0,4.0,8,1190,580.0,0,47.4413,-122.151,2490.0,20000,2014,05,58.0,98058
213400.0,4.0,2.5,1680.0,6655.0,2.0,0,0,3.0,7,1680,0.0,0,47.3867,-122.191,1680.0,6982,2014,12,22.0,98030
703770.0,4.0,2.25,2550.0,12918.0,2.0,0,0,3.0,9,2550,0.0,0,47.5623,-122.109,2550.0,11036,2014,11,36.0,99007
462500.0,4.0,1.0,1540.0,4500.0,1.5,0,0,2.0,7,1540,0.0,0,47.587,-122.384,1920.0,6000,2014,09,118.0,98116
795000.0,4.0,2.5,3160.0,16564.0,2.0,0,0,3.0,10,3160,0.0,0,47.6365,-122.04,3160.0,12415,2014,07,36.0,98074
285000.0,3.0,,2437.0,5136.0,2.0,0,0,3.0,7,2437,0.0,0,47.3517,-122.21,2437.0,4614,2014,06,12.0,98002
430000.0,3.0,1.5,1550.0,5034.0,2.0,0,0,4.0,7,1550,0.0,0,47.7072,-122.36,1820.0,7200,2014,08,101.0,98177
449950.0,3.0,2.5,1530.0,3840.0,2.0,0,0,3.0,8,1530,0.0,0,47.5691,-122.007,1720.0,3985,2014,07,29.0,98029
380000.0,5.0,2.0,1680.0,3240.0,1.0,0,0,3.0,5,840,840.0,0,47.5965,-122.311,1380.0,1260,2015,02,117.0,98144
,3.0,2.75,2250.0,9600.0,2.5,0,0,4.0,9,1830,420.0,1,47.6033,-122.287,2060.0,4980,2014,08,114.0,98122
665000.0,4.0,2.25,2650.0,8149.0,1.0,0,0,4.0,8,1610,1040.0,0,47.5624,-122.176,2290.0,8019,2015,03,48.0,98006
340000.0,2.0,1.75,1270.0,1916.0,2.0,0,0,3.0,8,1270,0.0,0,47.5648,-122.294,1140.0,1916,2014,11,11.0,98108
372500.0,3.0,1.75,1680.0,8648.0,1.0,0,0,4.0,7,1680,0.0,0,47.7338,-122.332,1290.0,8147,2015,03,60.0,98133
308000.0,3.0,1.0,1980.0,39150.0,1.5,0,0,3.0,6,1580,400.0,0,47.3818,-122.225,1860.0,11811,2014,10,91.0,98030
1350000.0,4.0,3.5,4680.0,12495.0,2.0,0,0,3.0,10,3040,1640.0,0,47.6984,-122.206,3240.0,10749,2015,03,15.0,98033
320000.0,2.0,1.0,1100.0,8281.0,1.0,0,0,4.0,7,1100,0.0,0,47.7414,-122.315,1510.0,8281,2014,06,76.0,98155
238000.0,3.0,1.0,1240.0,5700.0,1.5,0,0,5.0,6,1240,0.0,0,47.4927,-122.169,1140.0,5700,2014,08,70.0,98056
756000.0,4.0,2.25,2160.0,5600.0,1.0,0,0,5.0,7,1080,1080.0,0,47.6442,-122.372,1850.0,5150,2014,06,76.0,98119
925000.0,4.0,3.25,3640.0,60086.0,2.0,0,0,3.0,10,3640,0.0,0,47.6328,-122.016,2900.0,51721,2014,08,18.0,98074
449500.0,3.0,2.0,1770.0,6610.0,1.0,0,0,4.0,7,960,810.0,0,47.7703,-122.343,2010.0,4361,2014,05,69.0,98133
668000.0,5.0,3.5,3990.0,42436.0,2.0,0,0,3.0,9,2710,1280.0,0,47.461,-122.0,3030.0,41684,2014,07,21.0,98027
399950.0,3.0,2.5,1610.0,1320.0,2.0,0,0,3.0,7,1280,330.0,0,47.6,-122.298,1480.0,1602,2015,03,16.0,98144
645000.0,4.0,2.5,2430.0,14400.0,1.0,0,0,5.0,8,1670,760.0,0,47.6202,-122.138,2140.0,9048,2014,06,60.0,98007
400000.0,2.0,1.0,1180.0,10800.0,1.0,0,0,3.0,7,1180,0.0,0,47.7273,-122.236,1600.0,10800,2014,08,39.0,98034
375000.0,3.0,1.75,1440.0,8775.0,1.0,0,0,3.0,7,1440,0.0,0,47.7231,-122.17,1790.0,7865,2014,05,50.0,98034
189000.0,2.0,2.0,1700.0,3171.0,1.0,0,0,5.0,5,850,850.0,0,47.3025,-122.224,1380.0,5906,2014,05,96.0,98002
234000.0,,1.0,1040.0,8122.0,1.0,0,0,5.0,7,1040,0.0,0,47.3731,-122.312,1470.0,8676,2015,03,52.0,98198
235000.0,2.0,1.0,720.0,,1.0,0,0,4.0,6,720,0.0,0,47.5534,-122.375,1510.0,4840,2014,06,76.0,98126
439000.0,5.0,3.5,2880.0,10000.0,2.0,0,3,3.0,8,1980,900.0,0,47.4874,-122.223,2120.0,9535,2015,02,32.0,98057
530000.0,4.0,2.25,1940.0,8270.0,2.0,0,0,5.0,7,1940,0.0,0,47.7567,-122.333,1800.0,7743,2015,05,61.0,98133
1095000.0,0.0,0.0,3064.0,4764.0,3.5,0,2,3.0,7,3064,0.0,0,47.6362,-122.322,2360.0,4000,2014,06,33.0,98102
426000.0,2.0,2.5,1550.0,2657.0,2.0,0,0,4.0,8,1550,0.0,0,47.7034,-122.188,1570.0,2442,2015,04,36.0,98034
360000.0,4.0,2.5,1900.0,5889.0,2.0,0,0,3.0,7,1900,0.0,0,47.349,-122.031,1870.0,6405,2014,12,31.0,98038
265000.0,3.0,1.0,960.0,9748.0,1.0,0,0,3.0,5,960,0.0,0,47.5259,-121.815,1600.0,9958,2014,12,101.0,98065
498000.0,3.0,1.5,1720.0,6570.0,1.5,0,0,4.0,8,1720,0.0,0,47.5284,-122.265,1360.0,6000,2015,04,114.0,98118
865000.0,3.0,2.5,3050.0,12558.0,2.0,0,0,3.0,10,3050,0.0,0,47.6549,-122.089,3543.0,12558,2014,11,26.0,98052
240000.0,3.0,1.0,1230.0,2353.0,1.5,0,0,4.0,6,1230,0.0,0,47.5177,-122.354,1280.0,1572,2015,05,98.0,98106
749500.0,4.0,2.75,2490.0,3840.0,1.5,0,0,4.0,7,1610,880.0,0,47.6551,-122.344,1420.0,4000,2014,09,101.0,98103
588000.0,3.0,2.0,1860.0,4777.0,2.0,0,0,5.0,7,1860,0.0,0,47.6892,-122.311,1580.0,3822,2014,07,115.0,98115
250000.0,3.0,2.25,1560.0,15340.0,2.0,0,0,3.0,7,1560,0.0,0,47.4989,-122.322,1560.0,8260,2014,08,26.0,98168
689000.0,4.0,2.75,3250.0,10000.0,2.0,0,0,3.0,9,3250,0.0,0,47.7557,-122.309,1620.0,10089,2014,12,9.0,98155
540000.0,4.0,1.75,2260.0,19500.0,1.0,0,2,3.0,8,1450,810.0,0,47.6555,-122.086,2980.0,19500,2014,08,52.0,98052
315000.0,3.0,1.0,1900.0,14400.0,1.0,0,0,4.0,7,1300,600.0,0,47.4147,-122.337,1940.0,14400,2015,01,69.0,98166
253000.0,3.0,2.5,2020.0,6564.0,1.0,0,0,3.0,7,1310,710.0,0,47.3545,-122.158,1710.0,5151,2014,10,29.0,98042
1225000.0,4.0,2.75,3410.0,95396.0,1.5,0,0,4.0,10,3410,0.0,0,47.6547,-122.158,3721.0,35352,2014,07,61.0,98033
410000.0,4.0,2.25,2200.0,8292.0,2.0,0,0,3.0,7,2200,0.0,0,47.7456,-122.315,1090.0,8290,2014,10,33.0,98155
480000.0,3.0,1.0,1160.0,8800.0,1.0,0,0,4.0,7,1160,0.0,0,47.6112,-122.128,,8400,2014,12,64.0,98008
763000.0,4.0,1.75,1850.0,4388.0,2.0,0,0,5.0,8,1850,0.0,0,47.6885,-122.381,1410.0,4107,2015,04,82.0,98117
420000.0,5.0,2.75,2280.0,10319.0,1.0,0,0,3.0,8,1300,980.0,0,47.7566,-122.363,2370.0,8056,2014,06,64.0,98177
658100.0,4.0,2.5,2430.0,8509.0,2.0,0,0,3.0,9,2430,0.0,0,47.5714,-121.991,2760.0,8509,2014,07,31.0,98029
,3.0,2.5,2060.0,5115.0,2.0,0,0,3.0,9,2060,0.0,0,47.3261,-122.163,2648.0,4500,2014,07,9.0,98092
605000.0,4.0,2.25,1750.0,6120.0,1.0,0,0,3.0,7,1150,600.0,0,47.6958,-122.29,1350.0,6120,2015,03,61.0,98115
845000.0,3.0,1.75,1600.0,2538.0,2.0,0,0,3.0,7,1600,0.0,0,47.6447,-122.327,1660.0,1750,2015,03,94.0,98102
647500.0,4.0,1.75,2060.0,26036.0,1.0,0,0,4.0,8,1160,900.0,0,47.4444,-122.351,2590.0,21891,2014,05,76.0,98166
241000.0,3.0,1.0,880.0,6050.0,1.0,0,0,3.0,6,880,0.0,0,47.4995,-122.248,1130.0,6050,2015,02,78.0,98178
178000.0,3.0,1.0,840.0,6500.0,1.0,0,0,5.0,6,840,0.0,0,47.3704,-122.08,870.0,5200,2014,07,54.0,98042
735000.0,3.0,3.25,2960.0,39370.0,2.0,0,0,3.0,10,2960,0.0,0,47.7452,-122.202,2960.0,56628,2014,08,34.0,98011
549000.0,3.0,2.25,1920.0,10961.0,2.0,0,0,3.0,8,1920,0.0,0,47.6432,-122.057,2000.0,10706,2014,07,42.0,98074
577000.0,3.0,1.5,1560.0,20251.0,1.0,0,0,5.0,7,1200,360.0,0,47.619,-122.054,1560.0,19119,2014,11,34.0,98074
476900.0,3.0,1.0,1240.0,5758.0,1.5,0,0,4.0,6,960,280.0,0,47.5675,-122.396,1460.0,5750,2015,05,113.0,98116
324950.0,2.0,1.5,1643.0,14616.0,1.0,0,1,4.0,7,1643,0.0,0,47.3973,-122.312,2270.0,9940,2015,02,69.0,98198
640000.0,4.0,2.5,2500.0,7417.0,2.0,0,0,3.0,9,2500,0.0,0,47.6251,-122.026,2770.0,8188,2014,07,32.0,98074
1590000.0,4.0,2.25,3240.0,11131.0,1.0,0,0,4.0,9,2080,1160.0,0,47.6182,-122.215,2300.0,12150,2015,01,70.0,98004
362764.0,3.0,2.0,1460.0,4350.0,2.0,0,0,3.0,7,1460,0.0,0,47.696,-122.026,1740.0,4622,2014,07,15.0,98053
313000.0,3.0,,1510.0,10369.0,1.0,0,0,4.0,7,1010,500.0,0,47.4808,-122.099,1510.0,16057,2014,11,55.0,98059
212000.0,3.0,1.75,1470.0,8350.0,1.0,0,0,3.0,7,1470,0.0,0,47.2587,-122.253,1590.0,8182,2015,02,33.0,98047
390000.0,3.0,,1600.0,10440.0,1.0,0,0,3.0,7,1600,0.0,0,47.7109,-122.311,1600.0,8816,2014,12,69.0,98125
561000.0,,2.5,2120.0,5277.0,2.0,0,0,3.0,7,2120,0.0,0,47.6811,-122.034,2370.0,5257,2015,03,18.0,98053
440000.0,1.0,1.0,850.0,6567.0,1.0,0,0,4.0,6,850,0.0,0,47.327,-122.039,2160.0,9794,2014,09,83.0,98010
530000.0,4.0,2.5,3250.0,4500.0,2.0,0,0,3.0,8,3250,0.0,0,47.4944,-122.15,3030.0,4598,2014,11,15.0,98059
330000.0,6.0,2.25,3040.0,28535.0,1.0,0,0,3.0,8,1890,1150.0,0,47.3864,-122.223,1360.0,8250,2014,06,72.0,98030
469000.0,3.0,2.0,1300.0,22605.0,1.0,0,0,3.0,7,1300,0.0,0,47.5337,-122.187,2250.0,10215,2015,03,25.0,98056
364000.0,4.0,1.75,2010.0,8625.0,1.0,0,0,4.0,7,1340,670.0,0,47.7496,-122.355,1500.0,8400,2014,05,66.0,98133
225000.0,3.0,1.75,1370.0,10866.0,1.0,0,0,4.0,6,1370,0.0,0,47.6774,-122.164,1580.0,14250,2014,10,78.0,98033
950000.0,4.0,2.5,3360.0,11548.0,2.0,0,0,3.0,9,3360,0.0,0,47.6534,-122.182,3400.0,14091,2014,06,35.0,98033
470500.0,5.0,2.5,2500.0,9248.0,1.0,0,0,3.0,8,1300,1200.0,0,47.5415,-122.18,2090.0,8568,2015,04,57.0,98006
192000.0,3.0,1.75,1240.0,10361.0,1.0,0,0,3.0,6,1240,0.0,0,47.37,-122.151,1240.0,8834,2014,11,36.0,98042
313100.0,3.0,2.0,1730.0,12821.0,1.0,0,0,3.0,8,1730,0.0,0,47.353,-122.272,1980.0,11336,2015,04,29.0,98001
545000.0,5.0,2.5,2730.0,17240.0,1.0,0,0,5.0,7,1660,1070.0,0,47.7646,-122.267,2250.0,13200,2014,06,65.0,98028
375000.0,3.0,1.75,1330.0,9417.0,1.0,0,0,5.0,6,710,620.0,0,47.7231,-122.301,1690.0,7937,2014,09,87.0,98125
329950.0,3.0,2.5,2456.0,7566.0,2.0,0,0,3.0,8,2456,0.0,0,47.297,-122.351,2478.0,7212,2014,06,11.0,98023
225000.0,2.0,1.0,720.0,4758.0,1.0,0,0,3.0,6,720,0.0,0,47.5176,-122.376,990.0,4920,2014,09,76.0,98126
344000.0,3.0,2.25,1250.0,1033.0,3.0,0,0,3.0,8,1250,0.0,0,47.6907,-122.343,1250.0,1150,2015,01,16.0,98103
402000.0,5.0,2.75,2770.0,7620.0,1.0,0,0,3.0,7,1700,1070.0,0,47.5188,-122.348,1720.0,7620,2014,12,58.0,98106
,4.0,1.75,1700.0,40973.0,1.0,0,0,3.0,8,1700,0.0,0,47.3439,-122.198,2760.0,40973,2014,10,62.0,98092
556000.0,4.0,2.5,2230.0,7200.0,1.0,0,0,4.0,7,1220,1010.0,0,47.589,-122.156,1920.0,7200,2014,10,66.0,98005
485000.0,3.0,1.0,1260.0,7250.0,1.0,0,2,3.0,7,960,300.0,0,47.6947,-122.311,1540.0,7250,2015,04,83.0,98115
425000.0,4.0,3.0,2430.0,5502.0,2.0,0,0,3.0,8,2430,0.0,0,47.356,-122.014,2000.0,5702,2015,05,21.0,98038
702500.0,3.0,1.5,2360.0,6750.0,2.0,0,0,5.0,7,1930,430.0,0,47.6923,-122.332,1320.0,4500,2014,05,97.0,98103
514500.0,4.0,2.5,2990.0,9614.0,1.0,0,2,4.0,9,1740,1250.0,0,47.3424,-122.329,3370.0,12085,2015,01,47.0,98003
499500.0,3.0,2.5,2970.0,21907.0,2.0,0,0,3.0,9,2970,0.0,1,47.4741,-122.099,2040.0,27917,2014,06,25.0,98059
352000.0,4.0,2.5,2470.0,6116.0,1.0,0,0,3.0,7,1420,1050.0,0,47.3792,-122.047,1670.0,7627,2014,08,38.0,98038
240000.0,4.0,1.0,1200.0,2171.0,1.5,0,0,3.0,7,1200,0.0,0,47.7076,-122.342,1130.0,1598,2014,06,90.0,98133
240000.0,3.0,2.0,1400.0,6200.0,1.0,0,0,3.0,6,700,700.0,0,47.7634,-122.34,1410.0,7564,2014,05,75.0,98155
829000.0,4.0,2.75,2970.0,59677.0,1.0,0,2,4.0,8,1610,1360.0,0,47.5953,-122.08,2930.0,42489,2015,01,50.0,98075
495000.0,3.0,2.25,2100.0,3000.0,2.0,0,0,3.0,7,2100,0.0,0,47.595,-122.306,1650.0,4500,2014,12,27.0,98144
565000.0,5.0,1.5,1940.0,3430.0,1.5,0,0,4.0,6,1220,720.0,0,47.6853,-122.362,1830.0,4120,2015,04,97.0,98117
425000.0,3.0,2.75,3370.0,13929.0,2.0,0,0,3.0,9,2650,720.0,0,47.3411,-122.197,2150.0,14048,2015,05,37.0,98092
496000.0,5.0,1.75,2110.0,8500.0,1.0,0,0,3.0,7,1100,1010.0,0,47.7737,-122.35,2020.0,8500,2015,04,61.0,98133
,5.0,3.5,4790.0,12957.0,2.0,0,1,3.0,9,3110,1680.0,0,47.5469,-122.194,2620.0,13538,2014,09,18.0,98006
530000.0,3.0,2.0,2330.0,26571.0,2.5,0,0,3.0,8,2330,0.0,0,47.6009,-122.158,2030.0,20037,2014,06,36.0,98005
273000.0,3.0,2.25,2160.0,7964.0,2.0,0,0,3.0,8,2160,0.0,0,47.3622,-122.074,2000.0,7964,2015,01,32.0,98042
549950.0,3.0,2.5,2080.0,8690.0,1.0,0,0,3.0,8,1430,650.0,0,47.4424,-122.344,2400.0,9625,2014,09,49.0,98166
820000.0,3.0,2.5,2990.0,10711.0,1.0,1,4,3.0,9,1560,1430.0,1,47.3573,-122.324,2870.0,11476,2014,10,47.0,98198
2600000.0,3.0,3.0,3410.0,16015.0,2.0,1,4,4.0,10,2220,1190.0,0,47.5721,-122.239,3760.0,16572,2015,03,50.0,98040
514700.0,3.0,3.25,1310.0,1072.0,2.0,0,0,3.0,8,1060,250.0,0,47.6744,-122.374,1160.0,1266,2015,04,15.0,98107
258000.0,3.0,1.75,1040.0,5650.0,1.0,0,0,5.0,6,1040,0.0,0,47.5111,-122.256,1290.0,5650,2014,12,72.0,98178
337000.0,3.0,2.0,1690.0,9087.0,1.0,0,0,3.0,8,1690,0.0,0,47.3724,-122.108,2090.0,8100,2014,10,26.0,98042
660000.0,3.0,2.25,1570.0,1680.0,3.0,0,0,3.0,8,1570,0.0,0,47.6585,-122.348,1290.0,1870,2014,11,9.0,98103
771000.0,4.0,2.5,2420.0,7200.0,2.0,0,0,3.0,9,2420,0.0,0,47.6893,-122.197,2650.0,7800,2014,12,32.0,98033
348450.0,4.0,2.5,1950.0,8628.0,2.0,0,0,3.0,8,1950,0.0,0,47.3817,-122.035,2210.0,9019,2014,08,29.0,98038
450000.0,3.0,2.25,1620.0,997.0,2.5,0,0,3.0,8,1540,80.0,0,47.5394,-122.027,1620.0,1068,2014,12,11.0,98029
829000.0,4.0,3.0,3310.0,4500.0,2.5,0,0,5.0,9,2910,400.0,0,47.6594,-122.345,1440.0,3750,2014,08,123.0,98103
1030000.0,5.0,2.75,3190.0,16920.0,1.0,0,3,3.0,9,1690,1500.0,0,47.5641,-122.16,3100.0,13100,2014,05,47.0,98006
389999.0,4.0,2.5,1890.0,15770.0,2.0,0,0,4.0,7,1890,0.0,0,47.4281,-122.343,2410.0,15256,2014,07,55.0,98166
469950.0,5.0,3.0,3223.0,6371.0,2.0,0,0,3.0,9,3223,0.0,0,47.3588,-122.163,1979.0,19030,2014,09,9.0,98042
315500.0,3.0,1.0,1300.0,12600.0,1.0,0,0,4.0,7,1300,0.0,0,47.7422,-122.1,1480.0,13530,2015,01,54.0,98072
278000.0,4.0,2.5,2290.0,3777.0,2.0,0,0,3.0,7,2290,0.0,0,47.3617,-122.308,1480.0,3608,2014,10,19.0,98198
255000.0,3.0,1.0,960.0,8100.0,1.0,0,0,3.0,7,960,0.0,0,47.7766,-122.307,1120.0,8100,2014,05,68.0,98043
600000.0,3.0,1.75,2930.0,19876.0,1.0,0,0,3.0,9,2030,900.0,0,47.7443,-122.17,2740.0,11499,2014,05,30.0,98072
965000.0,4.0,3.25,5010.0,49222.0,2.0,0,0,5.0,9,3710,1300.0,0,47.5489,-122.092,3140.0,54014,2014,10,45.0,98027
163500.0,2.0,1.5,1050.0,3419.0,2.0,0,0,3.0,7,1050,0.0,0,47.3848,-122.039,1050.0,3417,2014,07,27.0,98038
280000.0,,2.25,1810.0,7630.0,1.0,0,0,4.0,7,1810,0.0,0,47.497,-122.18,1830.0,7594,2015,05,64.0,98056
330000.0,1.0,1.0,860.0,4800.0,1.0,0,0,3.0,6,860,0.0,0,47.6146,-122.299,1380.0,4800,2014,08,116.0,98122
430000.0,3.0,1.75,1200.0,4500.0,1.0,0,0,5.0,7,1200,0.0,1,47.5553,-122.316,1340.0,4500,2014,05,117.0,98108
540000.0,5.0,1.0,2480.0,4400.0,1.5,0,0,3.0,7,1640,840.0,0,47.6046,-122.3,1940.0,4400,2015,03,104.0,98122
585083.0,5.0,2.75,2910.0,36250.0,1.0,0,0,3.0,8,1590,1320.0,0,47.5916,-122.076,2910.0,37376,2014,06,46.0,98075
399700.0,4.0,1.75,1320.0,4800.0,1.0,0,0,4.0,7,870,450.0,0,47.5534,-122.365,940.0,4800,2014,07,93.0,98106
210000.0,3.0,1.0,1240.0,4842.0,1.0,0,0,4.0,6,1240,0.0,0,47.5166,-122.269,1540.0,5110,2014,05,107.0,98118
419950.0,,1.75,1350.0,4003.0,1.0,0,0,3.0,8,1350,0.0,0,47.7176,-122.033,1350.0,4479,2015,05,19.0,98053
490000.0,3.0,2.0,2220.0,10275.0,2.0,0,0,3.0,9,1640,580.0,0,47.5304,-122.055,2300.0,9975,2014,06,43.0,98027
970000.0,5.0,3.5,3400.0,9804.0,2.0,0,0,3.0,9,2550,850.0,0,47.543,-122.266,2380.0,7440,2014,10,15.0,98118
535000.0,6.0,1.75,2460.0,6000.0,1.0,0,0,4.0,7,1230,1230.0,0,47.6721,-122.323,1560.0,4275,2014,09,,98115
380000.0,3.0,2.0,1440.0,3218.0,1.0,0,0,3.0,7,850,590.0,0,47.5655,-122.36,1170.0,5000,2015,02,15.0,98106
487000.0,4.0,2.25,2400.0,7000.0,1.0,0,0,4.0,8,1800,600.0,0,47.7207,-122.184,2210.0,7210,2015,01,58.0,98034
572000.0,3.0,1.5,1680.0,13751.0,1.0,0,0,4.0,7,1680,0.0,0,47.5716,-122.227,1760.0,13500,2014,09,72.0,98040
833000.0,4.0,2.5,2190.0,12690.0,1.0,0,2,3.0,8,1170,1020.0,0,47.6627,-122.189,2630.0,10843,2015,03,50.0,98033
371000.0,4.0,1.75,1610.0,11305.0,1.0,0,0,3.0,7,1610,0.0,0,47.727,-122.176,1870.0,11850,2014,12,55.0,98034
590000.0,5.0,1.0,1840.0,6710.0,1.5,0,0,3.0,7,1840,0.0,0,47.5686,-122.378,1410.0,4880,2015,04,103.0,98126
445000.0,5.0,3.0,2420.0,11250.0,2.0,0,0,3.0,8,2420,0.0,0,47.5082,-122.362,1510.0,9950,2014,11,10.0,98146
772500.0,5.0,2.75,3890.0,9130.0,2.0,0,0,3.0,9,3890,0.0,0,47.5407,-121.86,3450.0,8361,2014,09,19.0,98065
557000.0,2.0,1.5,1450.0,3840.0,1.0,0,0,3.0,7,950,500.0,0,47.684,-122.381,1450.0,3840,2015,04,76.0,98117
950000.0,7.0,3.5,3470.0,16264.0,2.0,0,0,4.0,9,3470,0.0,0,47.6203,-122.149,3040.0,13500,2015,04,43.0,
365000.0,4.0,2.5,1570.0,9600.0,1.0,0,0,3.0,7,800,770.0,0,47.7757,-122.303,1340.0,9110,2015,03,51.0,98155
524000.0,3.0,2.25,1370.0,1007.0,3.0,0,0,3.0,8,1330,40.0,0,47.6682,-122.361,1570.0,1635,2015,01,14.0,98107
255000.0,3.0,1.5,1490.0,6604.0,1.0,0,0,4.0,6,1490,0.0,0,47.4683,-122.351,1330.0,6604,2014,08,105.0,98166
1695000.0,5.0,3.0,3320.0,5354.0,2.0,0,0,3.0,9,3320,0.0,0,47.6542,-122.331,2330.0,4040,2015,05,19.0,98103
477000.0,3.0,2.5,1740.0,4960.0,2.0,0,0,3.0,8,1740,0.0,0,47.5772,-121.998,1740.0,5021,2015,04,31.0,98029
857000.0,4.0,3.0,3720.0,29043.0,2.0,0,0,3.0,9,3720,0.0,0,47.6907,-122.161,1610.0,23000,2014,05,32.0,98033
568000.0,3.0,1.75,1760.0,235224.0,1.0,0,0,3.0,7,1760,0.0,0,47.6735,-122.041,2320.0,87120,2015,05,50.0,98053
580000.0,4.0,2.5,2840.0,6268.0,2.0,0,0,3.0,9,2840,0.0,0,47.7386,-122.235,2790.0,6526,2014,05,25.0,98028
975000.0,4.0,2.5,3420.0,183387.0,2.0,0,0,3.0,10,3420,0.0,0,47.633,-121.972,2260.0,34613,2014,09,23.0,98053
504058.0,4.0,2.75,2910.0,7467.0,2.0,0,0,3.0,8,2910,0.0,0,47.4841,-121.772,2790.0,7868,2014,07,10.0,98045
437000.0,2.0,1.75,1500.0,6800.0,1.0,0,0,4.0,7,910,590.0,0,47.7004,-122.371,1450.0,6800,2014,06,81.0,98117
705000.0,4.0,2.0,2060.0,6000.0,1.0,0,1,4.0,8,1370,690.0,0,47.5237,-122.383,2060.0,6600,2014,10,69.0,98136
459950.0,5.0,2.75,3078.0,6371.0,2.0,0,0,3.0,9,3078,0.0,0,47.3587,-122.163,1979.0,19030,2015,05,9.0,98042
610000.0,3.0,2.5,2060.0,8893.0,2.0,0,0,3.0,8,2060,0.0,0,47.5615,-122.165,2650.0,8500,2014,08,36.0,98006
,3.0,1.75,1340.0,5100.0,1.0,0,0,3.0,7,1340,0.0,0,47.694,-122.348,1550.0,5100,2014,10,70.0,98103
923990.0,4.0,2.5,3600.0,6055.0,2.0,0,0,3.0,9,3600,0.0,0,47.7053,-122.126,3590.0,6050,2014,09,9.0,98052
490000.0,2.0,1.0,1840.0,3300.0,1.5,0,0,4.0,6,1130,710.0,0,47.6757,-122.362,1320.0,4000,2014,05,113.0,98107
545000.0,4.0,2.5,2040.0,7412.0,2.0,0,0,3.0,8,2040,0.0,0,47.6347,-122.026,2050.0,7830,2014,08,35.0,98074
535000.0,5.0,2.5,3190.0,6178.0,2.0,0,0,3.0,8,3190,0.0,0,47.5104,-122.154,2480.0,7548,2015,05,20.0,98059
459900.0,3.0,,2580.0,11000.0,1.0,0,0,4.0,7,1290,1290.0,0,47.5646,-122.181,2280.0,17643,2014,05,72.0,98006
625000.0,3.0,1.75,2240.0,6050.0,1.0,0,0,4.0,8,1250,990.0,0,47.5658,-122.4,1720.0,6050,2014,08,73.0,98116
219950.0,2.0,1.0,940.0,8997.0,1.0,0,0,5.0,7,940,0.0,0,47.2005,-121.999,1110.0,9126,2014,10,68.0,98022
766000.0,3.0,2.5,2270.0,9822.0,2.0,0,0,3.0,9,2270,0.0,0,47.6685,-122.137,2790.0,8089,2014,08,35.0,
1582500.0,4.0,2.5,3980.0,16304.0,1.0,0,1,3.0,10,2480,1500.0,0,47.639,-122.21,3980.0,16304,2015,04,55.0,98004
399950.0,2.0,2.25,1140.0,1184.0,2.0,0,0,3.0,8,1010,130.0,0,47.659,-122.346,1140.0,1339,2014,10,24.0,98103
579950.0,3.0,3.5,1420.0,1217.0,2.0,0,0,3.0,8,1180,240.0,0,47.6827,-122.324,1494.0,1264,2014,10,20.0,98115
645000.0,4.0,1.5,2550.0,4000.0,1.5,0,0,4.0,7,1760,790.0,0,47.6811,-122.318,1840.0,4000,2014,10,97.0,98115
460940.0,4.0,2.5,3202.0,4964.0,2.0,0,0,3.0,9,3202,0.0,0,47.3412,-122.179,2425.0,4886,2014,10,9.0,98092
290000.0,2.0,1.0,1250.0,12507.0,1.0,0,0,5.0,7,1250,0.0,0,47.4972,-122.176,1250.0,12498,2015,01,65.0,98056
367950.0,4.0,2.5,3030.0,9500.0,2.0,0,0,3.0,8,3030,0.0,0,47.3511,-122.287,2650.0,9500,2015,04,34.0,98001
240000.0,3.0,2.0,1190.0,10299.0,1.0,0,0,3.0,7,1190,0.0,0,47.314,-122.0,1700.0,9849,2014,11,29.0,98010
262000.0,3.0,1.75,1320.0,6530.0,1.0,0,0,4.0,7,1320,0.0,0,47.2871,-122.354,1620.0,6817,2014,12,34.0,98023
450000.0,3.0,1.0,1350.0,92721.0,1.0,0,0,2.0,6,1200,150.0,0,47.4657,-122.198,1860.0,8096,2015,05,77.0,98055
2250000.0,3.0,3.25,3890.0,3452.0,2.0,0,0,3.0,12,2890,1000.0,0,47.626,-122.323,2860.0,2199,2014,08,17.0,98102
179500.0,3.0,1.0,1180.0,32214.0,1.0,0,0,3.0,7,1180,0.0,0,47.3313,-122.198,2300.0,13714,2014,12,71.0,98092
460000.0,2.0,2.5,1830.0,8107.0,1.0,0,0,5.0,7,930,900.0,0,47.701,-122.305,1260.0,6960,2014,08,77.0,98125
1010000.0,,1.0,1820.0,5400.0,1.5,0,0,3.0,8,1820,0.0,1,47.6476,-122.318,1820.0,5400,2014,11,100.0,98102
792000.0,3.0,2.5,2250.0,19270.0,2.0,0,0,3.0,8,2250,0.0,0,47.6569,-122.088,2940.0,19541,2015,04,24.0,98052
505000.0,3.0,2.5,2340.0,5957.0,2.0,0,0,3.0,8,2340,0.0,0,47.7347,-122.236,2340.0,6604,2014,06,28.0,98028
255000.0,4.0,2.5,1580.0,7800.0,1.0,0,0,4.0,7,1580,0.0,0,47.481,-122.163,1320.0,7800,2014,09,64.0,98059
813500.0,4.0,2.0,2530.0,15520.0,1.0,0,0,5.0,8,2220,310.0,0,47.613,-122.167,2500.0,13300,2014,07,59.0,98005
866800.0,4.0,3.5,2970.0,5000.0,2.0,0,2,3.0,9,2200,770.0,0,47.6772,-122.399,1470.0,4560,2014,08,22.0,98117
400000.0,4.0,2.5,2170.0,204296.0,1.0,0,0,4.0,7,2170,0.0,0,47.281,-121.933,1760.0,154202,2014,09,43.0,98022
935000.0,4.0,,2580.0,4500.0,2.0,0,0,4.0,9,1850,730.0,0,47.6245,-122.316,2590.0,4100,2015,04,118.0,98102
550000.0,4.0,2.5,2470.0,5954.0,2.0,0,0,3.0,8,2470,0.0,0,47.7685,-122.236,2470.0,4800,2014,08,10.0,98028
340000.0,3.0,1.75,1880.0,11249.0,1.0,0,0,3.0,7,1330,550.0,0,47.3295,-122.257,1870.0,14547,2014,06,38.0,98001
345000.0,2.0,1.0,1080.0,7775.0,1.0,0,0,3.0,6,1080,0.0,0,47.5447,-122.394,1730.0,7350,2014,07,68.0,98136
469500.0,4.0,2.5,2090.0,7241.0,1.0,0,0,4.0,7,1140,950.0,0,47.726,-122.221,1510.0,7402,2014,09,22.0,98034
699188.0,4.0,3.25,3250.0,5478.0,2.0,0,0,3.0,9,3250,0.0,0,47.5178,-121.887,3250.0,5482,2014,07,9.0,98065
905000.0,4.0,2.5,3330.0,9557.0,2.0,0,0,3.0,10,3330,0.0,0,47.5526,-122.102,3360.0,9755,2015,03,28.0,98006
536650.0,3.0,1.75,2090.0,8910.0,1.0,0,0,3.0,8,1230,860.0,0,47.7149,-122.222,2310.0,10695,2015,04,48.0,98034
830200.0,3.0,2.5,2680.0,4990.0,1.0,0,0,5.0,8,1440,1240.0,0,47.6538,-122.393,2320.0,6000,2015,03,72.0,98199
899000.0,4.0,3.5,2490.0,5500.0,2.0,0,0,3.0,9,1780,710.0,0,47.5499,-122.393,1710.0,5500,2015,05,8.0,98136
249000.0,4.0,2.0,1280.0,7560.0,1.0,0,0,5.0,6,1280,0.0,0,47.45,-122.175,1250.0,7690,2014,10,64.0,98058
272000.0,3.0,2.5,1528.0,7616.0,2.0,0,0,3.0,7,1528,0.0,0,47.3774,-122.186,1850.0,7340,2015,04,12.0,98030
330000.0,3.0,1.75,1460.0,9261.0,1.0,0,0,3.0,7,1460,0.0,0,47.5155,-122.189,1550.0,8800,2014,08,38.0,98056
315000.0,3.0,2.5,1260.0,2767.0,2.0,0,0,3.0,8,1260,0.0,0,47.4914,-122.155,1310.0,2767,2014,07,24.0,98059
196500.0,3.0,2.0,1310.0,7000.0,1.0,0,0,4.0,7,1310,0.0,0,47.303,-122.383,1390.0,7500,2014,09,44.0,98023
810000.0,3.0,2.5,2670.0,10481.0,2.0,0,0,3.0,9,2670,0.0,0,47.6673,-122.176,2620.0,8895,2014,06,20.0,98033
850000.0,3.0,1.75,1400.0,9900.0,1.0,0,0,3.0,7,1400,0.0,0,47.6272,-122.209,1810.0,10796,2014,10,72.0,98004
764000.0,3.0,2.0,1420.0,4080.0,1.5,0,0,5.0,8,1420,0.0,0,47.6801,-122.348,1220.0,3060,2014,09,119.0,98103
440000.0,2.0,1.5,1120.0,1024.0,2.0,0,0,3.0,8,1120,0.0,1,47.6175,-122.298,1120.0,1549,2015,05,53.0,98122
289950.0,3.0,2.5,1760.0,8584.0,1.5,0,0,5.0,7,1760,0.0,0,47.4612,-122.325,2160.0,8584,2014,06,86.0,98148
580000.0,6.0,1.75,2180.0,4000.0,1.5,0,0,4.0,7,1380,800.0,0,47.6643,-122.29,1720.0,4000,2014,10,97.0,98105
450000.0,3.0,2.75,2840.0,39324.0,1.0,0,0,3.0,9,2200,640.0,0,47.3076,-122.101,2840.0,39413,2015,03,35.0,98092
1406890.0,5.0,2.25,3580.0,16789.0,2.0,0,0,5.0,9,3580,0.0,0,47.5364,-122.239,3390.0,17000,2014,12,57.0,98040
430000.0,2.0,,760.0,7114.0,1.0,0,0,3.0,6,760,0.0,0,47.7005,-122.352,780.0,7102,2015,03,77.0,98103
515000.0,2.0,1.0,970.0,3300.0,1.0,0,0,4.0,7,970,0.0,0,47.6609,-122.343,,3600,2015,02,107.0,98103
539950.0,3.0,2.0,1560.0,3200.0,1.5,0,0,3.0,7,1560,0.0,1,47.6398,-122.356,1240.0,3600,2014,08,113.0,98109
431000.0,3.0,1.0,1500.0,6240.0,1.0,0,0,4.0,7,1500,0.0,0,47.7281,-122.311,1230.0,6240,2015,03,70.0,98125
530200.0,4.0,2.5,1880.0,3853.0,2.0,0,0,3.0,8,1880,0.0,0,47.5636,-122.094,1890.0,3078,2015,01,13.0,98027
4208000.0,5.0,6.0,7440.0,21540.0,2.0,0,0,3.0,12,5550,1890.0,0,47.5692,-122.189,4740.0,19329,2015,05,20.0,98006
,3.0,1.75,1890.0,3825.0,1.0,0,0,3.0,7,1290,600.0,0,47.6831,-122.381,1320.0,3825,2014,05,49.0,98117
269950.0,4.0,1.0,1440.0,9600.0,1.0,0,0,2.0,7,1440,0.0,0,47.3168,-122.264,1740.0,43560,2015,02,59.0,98001
375950.0,3.0,1.75,1480.0,7560.0,1.0,0,0,3.0,6,1100,380.0,1,47.6985,-122.364,1510.0,7250,2014,07,103.0,98117
365000.0,3.0,1.75,1830.0,17349.0,1.0,0,0,3.0,8,1230,600.0,0,47.7427,-122.109,1840.0,11694,2015,05,46.0,98072
454000.0,5.0,2.25,2550.0,9200.0,1.0,0,0,4.0,8,1580,970.0,0,47.4673,-122.363,2090.0,9200,2015,04,48.0,98166
282000.0,2.0,1.0,1150.0,6098.0,1.0,0,0,3.0,7,950,200.0,0,47.7259,-122.328,1790.0,8455,2015,05,75.0,98125
400000.0,3.0,1.75,1370.0,9680.0,1.0,0,0,4.0,7,1370,0.0,0,47.6127,-122.045,1370.0,10208,2014,10,46.0,98074
375000.0,4.0,2.0,2070.0,9822.0,1.0,0,0,5.0,7,2070,0.0,0,47.566,-122.14,1300.0,9572,2014,08,68.0,98006
2900000.0,5.0,4.0,5190.0,14600.0,2.0,0,1,3.0,11,5190,0.0,0,47.6102,-122.225,3840.0,19250,2014,11,10.0,98039
250000.0,3.0,2.5,1530.0,2890.0,2.0,0,0,3.0,7,1530,0.0,0,47.5434,-122.293,1540.0,2890,2014,07,22.0,98108
490500.0,3.0,2.0,3000.0,21883.0,2.0,0,0,3.0,7,1970,1030.0,0,47.7599,-122.214,2280.0,14025,2014,09,25.0,98011
400000.0,2.0,1.0,1270.0,7440.0,1.0,0,0,4.0,7,910,360.0,0,47.5285,-122.372,1040.0,7500,2014,08,74.0,98126
353000.0,4.0,2.5,2210.0,13721.0,2.0,0,0,3.0,8,2210,0.0,0,47.3122,-122.039,1850.0,12951,2014,09,14.0,98042
452000.0,4.0,2.5,2716.0,7850.0,2.0,0,0,3.0,9,2716,0.0,0,47.352,-122.197,2580.0,14448,2014,11,9.0,98030
408474.0,3.0,2.5,1800.0,2731.0,2.0,0,0,3.0,8,1800,0.0,0,47.5342,-121.841,1800.0,3265,2015,03,9.0,98065
700000.0,3.0,2.25,2330.0,11424.0,2.0,0,0,4.0,8,2330,0.0,0,47.6386,-122.11,2050.0,11448,2015,04,39.0,98008
373000.0,3.0,2.5,2990.0,6771.0,1.0,0,0,3.0,7,1550,1440.0,0,47.5237,-122.353,1800.0,6771,2014,11,20.0,98106
470950.0,3.0,2.5,2560.0,16420.0,2.0,0,0,4.0,8,2560,0.0,0,47.6916,-121.916,2120.0,16298,2014,11,34.0,98014
209977.0,3.0,1.0,1170.0,6134.0,1.0,0,0,4.0,7,1170,0.0,0,47.4941,-122.312,1440.0,9823,2014,09,75.0,98168
465000.0,4.0,1.75,1810.0,21650.0,2.0,0,0,4.0,7,1810,0.0,0,47.7358,-122.076,2700.0,29680,2014,12,62.0,98077
500000.0,4.0,2.75,2280.0,15347.0,1.0,0,0,5.0,7,2280,0.0,0,47.5218,-122.164,2280.0,15347,2014,06,63.0,98059
1120280.0,4.0,4.0,2530.0,1774.0,3.0,0,2,3.0,9,2100,430.0,0,47.6362,-122.369,2160.0,2400,2015,02,10.0,98119
529000.0,2.0,1.0,1210.0,7667.0,1.0,0,0,3.0,6,900,310.0,0,47.6571,-122.396,1330.0,6462,2015,02,73.0,98199
550000.0,3.0,3.5,1450.0,1091.0,2.0,0,0,3.0,8,1200,250.0,0,47.6475,-122.359,1490.0,3017,2015,04,16.0,98119
524000.0,2.0,1.0,1120.0,2000.0,1.5,0,0,3.0,7,1120,0.0,0,47.6454,-122.354,1500.0,4000,2014,06,113.0,98109
834538.0,3.0,2.5,2760.0,6187.0,2.0,0,0,3.0,10,2760,0.0,0,47.5821,-122.047,2760.0,6600,2014,12,9.0,98075
,3.0,2.5,3550.0,32807.0,2.0,0,0,,9,3550,0.0,0,47.7292,-122.082,3270.0,35001,2015,04,34.0,98077
3850000.0,4.0,4.25,5770.0,21300.0,2.0,1,4,4.0,11,5770,0.0,0,47.585,-122.222,4620.0,22748,2014,11,43.0,98040
700000.0,4.0,1.0,1470.0,5450.0,1.5,0,0,3.0,7,1470,0.0,0,47.6458,-122.306,2160.0,5450,2015,02,105.0,98112
130000.0,2.0,1.0,780.0,5300.0,1.0,0,0,3.0,6,780,0.0,0,47.513,-122.354,780.0,5300,2015,03,82.0,98146
235000.0,3.0,2.5,2350.0,9051.0,1.0,0,0,4.0,8,1570,780.0,0,47.3126,-122.364,2270.0,8748,2014,07,57.0,98023
390000.0,3.0,2.5,1910.0,4755.0,2.0,0,0,3.0,8,1910,0.0,0,47.4956,-122.162,2460.0,6099,2015,02,26.0,98059
227500.0,3.0,1.0,1540.0,9450.0,1.0,0,0,4.0,7,1540,0.0,0,47.3612,-122.315,1210.0,9450,2015,04,63.0,98198
189900.0,2.0,1.0,1000.0,4179.0,1.0,0,0,5.0,5,1000,0.0,0,47.297,-122.227,1010.0,6327,2014,07,109.0,98002
187500.0,3.0,1.0,840.0,8400.0,1.0,0,0,3.0,6,840,0.0,0,47.3281,-122.344,1030.0,8640,2014,07,64.0,98023
503000.0,2.0,1.0,870.0,4280.0,1.0,0,2,4.0,6,870,0.0,0,47.6697,-122.29,1750.0,4280,2015,03,102.0,98105
779950.0,2.0,2.5,2680.0,7625.0,1.0,0,0,3.0,9,2680,0.0,0,47.7094,-122.024,2310.0,7395,2014,10,21.0,98053
539950.0,3.0,2.25,1670.0,1596.0,3.0,0,0,3.0,8,1670,0.0,0,47.5402,-122.387,,1310,2014,12,9.0,98136
460000.0,4.0,1.75,1720.0,3050.0,1.5,0,0,5.0,7,1040,680.0,0,47.5654,-122.384,1570.0,6100,2014,11,94.0,98116
245000.0,3.0,1.0,910.0,6630.0,1.0,0,0,4.0,6,910,0.0,0,47.6947,-122.346,950.0,5100,2015,05,111.0,98103
657000.0,2.0,3.0,1570.0,1281.0,3.0,0,0,3.0,8,1570,0.0,0,47.6741,-122.384,1570.0,2500,2015,01,9.0,98107
654000.0,3.0,2.5,2220.0,2873.0,2.0,0,0,3.0,10,2010,210.0,0,47.5311,-122.074,2290.0,3213,2014,10,11.0,98027
380000.0,3.0,,1550.0,1485.0,3.0,0,0,3.0,8,1550,0.0,0,47.6989,-122.346,1550.0,1480,2015,03,12.0,98103
654300.0,3.0,2.5,2490.0,8582.0,2.0,0,0,3.0,9,2490,0.0,0,47.625,-122.042,2870.0,7598,2015,04,23.0,98074
306000.0,3.0,1.5,1250.0,8700.0,1.0,0,0,4.0,7,1250,0.0,0,47.4744,-122.328,1300.0,8700,2014,12,64.0,98168
872500.0,3.0,2.5,2040.0,6000.0,1.0,0,0,3.0,8,1840,200.0,0,47.6334,-122.35,1820.0,4920,2014,08,72.0,98109
469950.0,5.0,2.5,2310.0,8303.0,1.0,0,0,3.0,7,1300,1010.0,0,47.7212,-122.211,1930.0,8303,2014,10,48.0,98034
375000.0,3.0,1.0,1310.0,8400.0,1.0,0,0,3.0,7,1310,0.0,1,47.7253,-122.197,1680.0,8000,2015,04,51.0,98034
980000.0,4.0,3.25,3720.0,7150.0,2.0,0,2,3.0,11,3720,0.0,0,47.5359,-122.069,4040.0,7442,2014,11,16.0,98027
728000.0,4.0,2.5,3290.0,5951.0,2.0,0,0,3.0,9,3290,0.0,0,47.5999,-121.976,3240.0,6159,2014,09,20.0,
403000.0,3.0,2.25,1840.0,13020.0,1.0,0,0,3.0,8,1390,450.0,0,47.6923,-122.095,2210.0,13020,2015,02,43.0,98052
839990.0,4.0,2.75,3660.0,5637.0,2.0,0,0,3.0,9,3660,0.0,0,47.6845,-122.017,3625.0,5639,2014,08,9.0,98053
657500.0,3.0,2.5,2670.0,10496.0,2.0,0,0,3.0,9,2670,0.0,0,47.6272,-122.026,2490.0,8636,2014,05,34.0,98074
915000.0,4.0,2.5,2910.0,4356.0,3.0,0,0,3.0,8,2910,0.0,0,47.6705,-122.146,2840.0,4181,2015,05,13.0,98052
257000.0,3.0,1.75,1397.0,18000.0,1.0,0,0,3.0,7,1397,0.0,1,47.3388,-122.166,1950.0,31294,2014,11,58.0,98092
245000.0,3.0,2.0,1690.0,6790.0,1.0,0,0,3.0,7,1360,330.0,0,47.2981,-122.38,1740.0,6790,2014,10,44.0,98023
276000.0,2.0,1.0,870.0,2676.0,1.0,0,0,3.0,7,820,50.0,0,47.5702,-122.287,1500.0,1719,2014,10,19.0,98144
414500.0,3.0,1.0,1050.0,6002.0,1.0,0,0,3.0,7,840,210.0,0,47.6988,-122.316,1180.0,6003,2015,02,82.0,98115
438750.0,3.0,1.75,1610.0,6480.0,1.0,0,0,4.0,7,1610,0.0,0,47.7137,-122.307,1230.0,8040,2014,05,76.0,98125
305500.0,3.0,1.0,1240.0,6090.0,1.0,0,0,4.0,7,1240,0.0,0,47.7542,-122.307,1550.0,9096,2014,12,73.0,98155
366000.0,3.0,1.75,1510.0,8301.0,1.0,0,0,3.0,7,1510,0.0,0,47.7243,-122.222,1460.0,7910,2014,06,56.0,98034
430000.0,4.0,2.25,2020.0,4840.0,1.5,0,0,5.0,8,1200,820.0,0,47.5576,-122.376,1410.0,4840,2014,12,98.0,98126
255000.0,4.0,2.0,2560.0,12155.0,1.0,0,0,4.0,7,1350,1210.0,0,47.3326,-122.323,1790.0,11906,2014,09,63.0,98003
619500.0,3.0,2.5,1700.0,4105.0,2.0,0,0,3.0,8,1700,0.0,0,47.6078,-122.292,1880.0,3665,2014,05,31.0,98122
304500.0,4.0,2.5,2030.0,5202.0,2.0,0,0,3.0,8,2030,0.0,0,47.388,-122.176,2260.0,5232,2014,12,22.0,98031
559000.0,2.0,2.0,1660.0,4500.0,1.0,0,0,3.0,8,1660,0.0,0,47.7094,-122.031,1670.0,5580,2015,03,20.0,98053
1050000.0,3.0,1.75,2650.0,5512.0,2.0,0,0,3.0,9,2250,400.0,0,47.6265,-122.295,1440.0,5100,2015,02,39.0,98112
929000.0,5.0,3.25,4150.0,7100.0,2.0,0,0,3.0,10,4150,0.0,0,47.6026,-122.06,3560.0,7214,2014,12,10.0,98074
544000.0,3.0,1.5,1790.0,8203.0,1.5,0,1,3.0,7,1790,0.0,0,47.5768,-122.403,1960.0,6047,2014,06,113.0,98116
382888.0,1.0,1.0,620.0,2380.0,1.0,0,0,3.0,6,620,0.0,0,47.6746,-122.326,980.0,3570,2015,03,123.0,98115
415000.0,3.0,2.5,1610.0,3600.0,2.0,0,0,3.0,8,1610,0.0,0,47.771,-122.169,2210.0,3600,2014,08,13.0,98072
1385000.0,4.0,3.25,4860.0,181319.0,2.5,0,0,3.0,9,4860,0.0,0,47.6179,-122.005,3850.0,181319,2015,04,30.0,98074
450000.0,3.0,1.75,1610.0,11200.0,1.0,0,0,3.0,7,1610,0.0,0,47.6641,-122.176,1610.0,11200,2014,06,68.0,98033
355000.0,2.0,1.0,2020.0,6720.0,1.0,0,0,3.0,7,1010,1010.0,0,47.5474,-122.291,1720.0,6720,2014,10,75.0,98118
450000.0,5.0,2.0,1870.0,7344.0,1.5,0,0,3.0,7,1870,0.0,0,47.5951,-122.144,1870.0,7650,2015,05,63.0,98007
264950.0,4.0,2.25,1720.0,9753.0,1.0,0,0,4.0,7,1120,600.0,0,47.2922,-122.371,1510.0,9753,2014,05,45.0,98023
250000.0,4.0,3.0,1800.0,2500.0,2.0,0,0,3.0,7,1800,0.0,0,47.5333,-122.294,1830.0,6900,2014,11,23.0,98108
529000.0,3.0,1.0,,3328.0,1.5,0,0,4.0,7,1210,0.0,0,47.6729,-122.363,1640.0,3333,2014,05,99.0,98107
408000.0,3.0,2.0,1640.0,3440.0,2.0,0,0,3.0,7,1640,0.0,0,47.6829,-122.097,1070.0,3549,2014,07,36.0,98052
440000.0,,2.0,1800.0,10950.0,1.0,0,0,4.0,8,1800,0.0,0,47.557,-122.163,2400.0,11300,2015,03,41.0,98006
305000.0,3.0,1.0,1580.0,7424.0,1.0,0,0,3.0,7,1010,570.0,0,47.4607,-122.171,1710.0,7772,2014,07,61.0,98058
590000.0,4.0,2.5,2340.0,8971.0,2.0,0,0,3.0,9,2340,0.0,0,47.5679,-122.011,2510.0,9219,2014,08,36.0,98029
319900.0,2.0,1.0,1380.0,9251.0,1.0,0,0,3.0,7,1380,0.0,0,47.7486,-122.249,1870.0,12158,2015,03,83.0,98028
306000.0,3.0,1.0,1450.0,7200.0,1.0,0,0,3.0,7,1010,440.0,0,47.7311,-122.199,1500.0,6767,2014,07,54.0,98034
471000.0,2.0,1.75,1240.0,6417.0,1.0,0,0,5.0,7,1240,0.0,0,47.5439,-122.379,1800.0,6417,2014,06,99.0,98126
290000.0,3.0,1.0,1150.0,8145.0,1.0,0,0,4.0,6,990,160.0,0,47.7471,-122.317,,8145,2014,06,91.0,98155
675000.0,5.0,3.0,3410.0,9600.0,1.0,0,0,4.0,8,1870,1540.0,0,47.6358,-122.103,2390.0,9679,2014,05,55.0,98052
775000.0,3.0,2.5,2480.0,5007.0,2.0,0,0,3.0,8,1960,520.0,0,47.6974,-122.369,1650.0,7806,2015,01,9.0,98117
255000.0,3.0,2.0,1500.0,8775.0,1.0,0,0,3.0,6,1390,110.0,0,47.4809,-122.335,1310.0,8775,2015,02,80.0,98166
305240.0,3.0,1.0,1300.0,9000.0,1.0,0,0,3.0,7,1300,0.0,0,47.7352,-122.337,1500.0,9600,2014,07,67.0,98133
588000.0,4.0,2.0,1680.0,5000.0,1.0,0,0,3.0,7,980,700.0,0,47.6858,-122.286,1680.0,6000,2014,06,73.0,98115
535000.0,3.0,1.0,1090.0,3000.0,1.5,0,0,4.0,8,1090,0.0,0,47.6889,-122.375,1570.0,5080,2014,11,94.0,98117
245000.0,4.0,2.5,1700.0,4268.0,2.0,0,0,3.0,7,1700,0.0,0,47.3303,-122.268,1700.0,4488,2014,08,23.0,98001
412250.0,2.0,2.0,1300.0,2983.0,1.0,0,0,3.0,8,1300,0.0,0,47.703,-122.015,1510.0,3876,2015,03,17.0,98053
660000.0,4.0,3.25,3030.0,9273.0,2.0,0,0,5.0,8,3030,0.0,0,47.5747,-122.014,2360.0,7632,2014,06,35.0,98029
490000.0,2.0,1.75,1670.0,4200.0,2.0,0,0,3.0,7,1670,0.0,0,47.5862,-122.387,1340.0,2875,2014,10,111.0,98116
410000.0,5.0,2.75,2910.0,16410.0,1.5,0,0,4.0,8,2910,0.0,0,47.44,-122.145,1980.0,18000,2015,02,56.0,98058
429000.0,4.0,2.5,2100.0,7920.0,1.5,0,0,4.0,6,1400,700.0,0,47.5293,-122.371,1230.0,7920,2014,08,107.0,98126
551000.0,3.0,,1580.0,6000.0,1.0,0,0,5.0,7,1580,0.0,0,47.5286,-122.032,1580.0,6000,2015,03,76.0,98027
,4.0,4.0,3680.0,18804.0,2.0,0,0,3.0,10,3680,0.0,0,47.6193,-122.014,3200.0,15954,2014,05,33.0,98074
262000.0,4.0,2.5,2070.0,8685.0,2.0,0,0,3.0,7,2070,0.0,0,47.4697,-122.267,2170.0,9715,2015,01,17.0,98168
320900.0,5.0,2.5,2200.0,8500.0,1.0,0,0,4.0,7,1400,800.0,0,47.3073,-122.006,1360.0,8855,2015,04,52.0,98010
500000.0,3.0,1.0,1220.0,3400.0,1.0,0,0,3.0,7,1060,160.0,0,47.6775,-122.363,1350.0,3750,2014,08,96.0,98117
838000.0,4.0,2.5,2560.0,7210.0,2.0,0,0,3.0,9,2560,0.0,0,47.5535,-122.395,2160.0,10439,2015,04,17.0,98136
430000.0,3.0,2.0,1540.0,6000.0,1.0,0,0,4.0,6,1540,0.0,0,47.7372,-122.307,1490.0,8213,2015,05,70.0,98155
265000.0,4.0,1.0,1940.0,9533.0,1.0,0,0,3.0,7,1080,860.0,0,47.4139,-122.208,1940.0,8839,2014,05,61.0,98031
865000.0,4.0,3.5,3380.0,11270.0,2.0,0,1,3.0,9,2160,1220.0,0,47.6124,-122.06,2910.0,11214,2015,01,16.0,98074
619500.0,4.0,2.5,2210.0,5077.0,1.5,0,0,4.0,8,1480,730.0,0,47.5719,-122.377,1740.0,5000,2014,10,111.0,98126
315000.0,2.0,2.25,1240.0,705.0,2.0,0,0,3.0,7,1150,90.0,0,47.5321,-122.073,1240.0,750,2014,10,14.0,98027
625000.0,5.0,2.5,2700.0,21208.0,1.0,0,0,4.0,8,1950,750.0,0,47.6078,-122.154,2550.0,20409,2014,06,68.0,98005
810000.0,4.0,3.5,3470.0,7396.0,2.0,0,3,3.0,8,2520,950.0,0,47.7146,-122.279,2360.0,10541,2014,12,44.0,98125
425000.0,4.0,2.5,2390.0,5021.0,2.0,0,0,3.0,7,2390,0.0,0,47.5353,-121.879,2520.0,5333,2014,08,21.0,98065
739000.0,4.0,2.5,2780.0,6737.0,2.0,0,0,3.0,9,2780,0.0,0,47.5656,-122.122,2750.0,7950,2014,09,21.0,99007
299950.0,3.0,1.0,910.0,8000.0,1.0,0,0,4.0,6,740,170.0,0,47.7746,-122.378,2090.0,9007,2014,05,73.0,98177
912000.0,4.0,2.75,4030.0,10888.0,2.0,0,0,3.0,10,4030,0.0,0,47.5651,-122.034,3720.0,10756,2015,04,26.0,98129
449500.0,3.0,2.25,1780.0,7280.0,1.0,0,2,3.0,7,1340,440.0,0,47.723,-122.215,2060.0,7280,2014,06,51.0,98034
1080000.0,3.0,2.75,3890.0,7216.0,2.0,0,1,3.0,8,3260,630.0,1,47.5445,-122.266,2490.0,9920,2014,07,56.0,98118
527900.0,3.0,2.5,2490.0,5928.0,2.0,0,2,3.0,8,2490,0.0,0,47.5385,-121.87,2420.0,6381,2015,03,25.0,98065
261000.0,4.0,1.0,1390.0,17739.0,1.0,0,0,3.0,7,1390,0.0,0,47.3457,-122.302,1230.0,7840,2014,07,65.0,98003
277700.0,2.0,1.5,1240.0,1055.0,2.0,0,0,3.0,8,1200,40.0,0,47.6104,-122.112,1410.0,1340,2014,11,56.0,98008
1950000.0,4.0,3.25,7420.0,167869.0,2.0,0,3,3.0,12,7420,0.0,0,47.4548,-121.764,5610.0,169549,2015,01,21.0,98045
325000.0,3.0,1.5,1060.0,7488.0,1.0,0,0,5.0,7,1060,0.0,0,47.5549,-122.356,1300.0,6780,2015,05,46.0,98106
487585.0,4.0,1.75,2010.0,9211.0,1.0,0,0,3.0,7,1470,540.0,0,47.7206,-122.171,1840.0,8500,2014,05,46.0,98034
149500.0,3.0,1.0,1010.0,9450.0,1.0,0,0,4.0,7,1010,0.0,0,47.3592,-122.315,1240.0,9450,2014,06,64.0,98198
550000.0,4.0,3.5,2770.0,24140.0,2.0,0,0,3.0,8,2770,0.0,0,47.6585,-122.186,1720.0,16011,2015,04,56.0,98033
432500.0,3.0,1.75,1470.0,7350.0,1.0,0,0,3.0,8,1470,0.0,0,47.6687,-122.154,1470.0,7350,2014,11,60.0,98052
1050000.0,3.0,2.25,2480.0,15022.0,1.0,0,4,3.0,9,1330,1150.0,1,47.5497,-122.396,2500.0,8178,2014,09,56.0,98136
400000.0,3.0,1.0,1240.0,4000.0,1.5,0,0,3.0,8,1240,0.0,1,47.5467,-122.359,1200.0,17707,2015,04,95.0,98106
430000.0,4.0,2.5,2010.0,16020.0,1.5,0,0,5.0,8,2010,0.0,0,47.4821,-122.108,1420.0,16020,2014,12,61.0,98059
925000.0,4.0,2.25,2260.0,41984.0,1.0,0,0,4.0,9,2260,0.0,0,47.6622,-122.171,2650.0,37318,2014,05,56.0,98033
405000.0,3.0,2.0,1660.0,8174.0,1.0,0,0,3.0,7,830,830.0,0,47.7103,-122.199,1610.0,9318,2014,12,42.0,98034
240000.0,4.0,2.0,1750.0,7800.0,1.0,0,0,4.0,6,1750,0.0,0,47.4791,-122.347,1270.0,7800,2015,02,79.0,98166
210000.0,,1.0,1030.0,4583.0,1.0,0,0,3.0,7,1030,0.0,0,47.4231,-122.329,1730.0,8023,2015,01,56.0,98198
675000.0,3.0,2.25,2610.0,9002.0,2.0,0,0,3.0,9,2610,0.0,0,47.6909,-122.104,2320.0,8306,2014,06,35.0,98052
475000.0,2.0,2.5,1620.0,14467.0,2.0,0,0,3.0,7,1620,0.0,0,47.6306,-122.035,1470.0,13615,2014,11,42.0,98074
593777.0,3.0,1.75,1510.0,10450.0,1.0,0,0,4.0,7,1510,0.0,0,47.684,-122.113,1310.0,9450,2015,05,59.0,98052
420000.0,3.0,2.25,1770.0,8165.0,2.0,0,0,3.0,7,1770,0.0,0,47.7166,-122.236,1650.0,8165,2014,05,46.0,98034
605000.0,3.0,2.5,2960.0,18600.0,2.0,0,0,3.0,8,2960,0.0,0,47.4358,-122.344,2740.0,15681,2014,08,44.0,98166
325250.0,4.0,2.75,2130.0,9339.0,1.0,0,0,3.0,7,1330,800.0,0,47.3788,-122.316,2090.0,7628,2014,10,32.0,98198
605000.0,3.0,2.25,1290.0,2500.0,2.0,0,0,4.0,8,1290,0.0,0,47.6229,-122.298,1700.0,3750,2014,05,36.0,98112
591500.0,4.0,2.5,1690.0,4080.0,1.5,0,0,4.0,7,1140,550.0,0,47.6825,-122.379,1600.0,4590,2014,09,111.0,98117
364950.0,4.0,2.5,2310.0,8030.0,2.0,0,0,3.0,7,2310,0.0,0,47.7433,-121.982,1780.0,8041,2014,06,45.0,98019
370000.0,2.0,2.25,1280.0,835.0,2.0,0,0,3.0,7,1080,200.0,0,47.5592,-122.284,1280.0,1246,2014,05,14.0,98118
360000.0,6.0,1.75,2230.0,10080.0,1.0,0,0,3.0,7,1390,840.0,0,47.7089,-122.201,2110.0,8475,2014,11,54.0,98034
500000.0,3.0,1.75,1530.0,8829.0,1.0,0,0,5.0,8,1530,0.0,0,47.545,-122.171,2060.0,9226,2014,10,51.0,98006
400000.0,3.0,2.25,1740.0,11040.0,2.0,0,0,3.0,8,1740,0.0,0,47.7376,-122.242,1720.0,11778,2014,08,43.0,98028
480000.0,,1.75,1170.0,4635.0,1.0,0,0,,6,690,480.0,0,47.6842,-122.359,1240.0,4120,2014,08,99.0,98117
350000.0,3.0,1.5,1090.0,5003.0,1.0,0,0,3.0,7,1090,0.0,0,47.703,-122.321,1540.0,5279,2015,04,61.0,98125
387000.0,3.0,1.0,1230.0,9568.0,1.0,0,0,5.0,7,1230,0.0,0,47.539,-122.179,1270.0,9575,2014,05,61.0,98056
428000.0,2.0,2.0,1350.0,4225.0,1.0,0,0,3.0,8,1350,0.0,0,47.7106,-122.03,1660.0,4225,2014,09,20.0,98053
419000.0,2.0,2.25,1180.0,1253.0,2.0,0,0,3.0,8,840,340.0,0,47.6124,-122.309,1310.0,1963,2014,10,15.0,98122
153000.0,3.0,1.0,1200.0,10500.0,1.0,0,0,3.0,7,1200,0.0,0,47.322,-122.351,1350.0,10500,2015,02,61.0,98023
247500.0,3.0,2.25,1620.0,6000.0,1.0,0,0,3.0,7,1280,340.0,0,47.2835,-122.2,1710.0,6318,2015,03,25.0,98002
470000.0,4.0,2.5,1850.0,11250.0,1.5,0,0,3.0,7,1210,640.0,0,47.6264,-122.062,1650.0,7623,2014,07,42.0,98074
355000.0,2.0,1.0,1240.0,27042.0,1.0,0,1,3.0,6,1000,240.0,0,47.5026,-122.465,2140.0,20059,2014,06,80.0,98070
685000.0,4.0,2.5,3550.0,10968.0,2.0,0,0,3.0,9,3550,0.0,0,47.5431,-121.886,3550.0,8583,2015,04,17.0,98024
327500.0,3.0,1.0,1070.0,7140.0,1.0,0,0,3.0,7,1070,0.0,0,47.5427,-122.288,1390.0,2374,2014,06,34.0,98118
339000.0,4.0,2.5,1740.0,6000.0,1.0,0,0,4.0,7,1740,0.0,0,47.5026,-122.236,1190.0,6000,2015,03,71.0,98178
250000.0,3.0,2.0,1470.0,2781.0,2.0,0,0,3.0,6,1470,0.0,0,47.349,-122.024,1360.0,3008,2014,12,20.0,98038
499950.0,2.0,2.25,1060.0,1208.0,2.0,0,0,3.0,8,940,120.0,0,47.6371,-122.327,1300.0,1169,2014,06,18.0,98102
390000.0,3.0,1.0,1000.0,6947.0,1.0,0,0,3.0,7,1000,0.0,0,47.7142,-122.319,1000.0,6947,2014,09,76.0,98125
380000.0,5.0,3.5,2420.0,4670.0,2.0,0,0,3.0,7,2420,0.0,0,47.5241,-122.285,1430.0,4468,2014,05,10.0,98118
403000.0,3.0,1.0,1500.0,10730.0,1.0,0,0,3.0,7,1000,500.0,0,47.6385,-121.966,1570.0,12210,2015,04,,98053
800000.0,4.0,2.25,2010.0,7200.0,1.0,0,1,4.0,8,1010,1000.0,0,47.5591,-122.267,2010.0,7200,2014,10,73.0,98118
930000.0,2.0,1.5,1800.0,4500.0,1.0,0,2,3.0,7,1000,800.0,0,47.6305,-122.347,2270.0,3840,2014,12,81.0,98109
372500.0,2.0,2.5,1400.0,2958.0,2.0,0,0,3.0,8,1400,0.0,0,47.5496,-122.373,1540.0,2385,2014,07,16.0,98126
625000.0,4.0,1.75,2410.0,6770.0,1.0,0,0,4.0,7,1220,1190.0,0,47.6946,-122.336,1440.0,6770,2014,12,99.0,98103
813000.0,3.0,1.75,2080.0,11866.0,1.0,0,0,3.0,8,2080,0.0,0,47.5872,-122.173,2240.0,10696,2014,10,63.0,98005
841000.0,,2.5,3080.0,13870.0,2.0,0,0,4.0,9,3080,0.0,0,47.6197,-122.149,2920.0,12221,2015,02,42.0,98007
543500.0,4.0,2.5,2550.0,5835.0,2.0,0,0,3.0,8,2550,0.0,0,47.5373,-121.87,2420.0,5817,2014,10,25.0,98065
255000.0,3.0,1.75,1550.0,9720.0,1.0,0,0,3.0,7,1050,500.0,0,47.3433,-122.037,1550.0,9750,2014,07,47.0,98010
310000.0,3.0,1.75,2130.0,7140.0,1.0,0,0,3.0,8,1580,550.0,0,47.3074,-122.341,2180.0,7906,2015,04,44.0,98023
2250000.0,4.0,3.25,5180.0,19850.0,2.0,0,3,3.0,12,3540,1640.0,0,47.562,-122.162,3160.0,9750,2015,04,17.0,98006
310000.0,3.0,2.75,2150.0,6576.0,1.0,0,0,4.0,7,1900,250.0,0,47.7539,-122.308,2150.0,9071,2015,03,97.0,98155
757500.0,5.0,2.25,3160.0,8065.0,2.0,0,0,3.0,8,3160,0.0,0,47.5678,-122.089,2540.0,7917,2015,01,46.0,98027
1007500.0,4.0,3.5,3510.0,7200.0,2.0,0,0,3.0,9,2600,910.0,0,47.5537,-122.398,2050.0,6200,2015,03,14.0,98136
,3.0,2.5,2160.0,9063.0,2.0,0,0,3.0,8,2160,0.0,0,47.7296,-122.333,2160.0,9063,2015,02,31.0,98133
500000.0,3.0,2.5,2760.0,35171.0,2.0,0,0,3.0,9,2760,0.0,0,47.465,-122.123,2720.0,35171,2015,01,33.0,98058
530000.0,2.0,1.0,760.0,3000.0,1.0,0,0,3.0,6,760,0.0,0,47.6633,-122.357,1630.0,3600,2015,04,101.0,98107
799900.0,4.0,4.0,3650.0,18223.0,2.0,0,3,3.0,9,3330,320.0,0,47.5442,-122.116,3220.0,11022,2014,09,10.0,98006
353500.0,4.0,2.25,1760.0,9602.0,2.0,0,0,3.0,7,1760,0.0,0,47.4248,-122.158,1860.0,9656,2014,06,36.0,98058
